VRM,CAPID,DFR,Mileage
FY70XWP,81738,01/09/2020,22038
MM70LGD,93269,01/01/2021,21185
BT70LDC,90018,01/09/2020,25509
DL70BCX,92973,01/01/2021,27041
GJ70CVL,87995,01/09/2020,76229
BX70WSD,93242,01/09/2020,9858
LX16MME,72679,01/03/2016,83545
AV70TLX,93145,01/01/2021,25794
EY68XVP,84709,01/09/2018,28585
AO20VKP,91362,01/03/2020,14612
BT70EJU,85560,01/09/2020,6411
VX20SZY,87810,01/03/2020,46045
YB70XPY,90661,01/09/2020,6566
FB19CCJ,87299,01/03/2019,13087
LJ70NUP,93103,01/01/2021,13202
SN19PWK,85754,01/03/2019,8985
FN70HVJ,91175,01/09/2020,41726
BX19XAR,68289,01/03/2019,18773
VE70NTK,90635,01/09/2020,8323
MM70HWE,86518,01/01/2021,20895
VO70VPG,89172,01/09/2020,8441
EO70XTK,87510,01/09/2020,19113
YX70SYY,91061,01/01/2021,14656
CV18NUW,80952,01/03/2018,67298
YN68NVS,76267,01/09/2018,5891
WJ70HWB,88783,01/09/2020,45306
ND70WXM,95881,01/01/2021,10342
DU68FNM,76092,01/09/2018,27006
SB70FCU,81218,01/09/2020,10841
SL20YHN,87507,01/03/2020,33789
HN70CZO,90718,01/09/2020,12060
HF69OTN,82595,01/09/2019,4515
MD19AMX,86196,01/03/2019,37809
SA68RXV,74851,01/09/2018,58687
RE70VWS,91693,01/09/2020,80913
RK70NLV,92973,01/09/2020,18831
WV70BYY,91692,01/09/2020,13950
ML70UCD,87510,01/09/2020,11372
LS18VHV,74919,01/03/2018,33657
YO70AYB,94678,01/01/2021,23711
SW70HZH,89972,01/09/2020,34486
BC70VGR,90553,01/01/2021,7974
FE70XBV,91006,01/09/2020,14045
GD70HPU,91224,01/01/2021,27341
GL20ZTC,87895,01/03/2020,28257
FP70AZZ,91060,01/01/2021,19457
GF70ZRG,95534,01/01/2021,5372
HY70OGS,86509,01/09/2020,6202
VE70FXX,91216,01/01/2021,16831
LA18XVO,76058,01/03/2018,7201
DA70EUN,90582,01/09/2020,26921
EO20UKS,83520,01/03/2020,32210
YX70OTK,86508,01/09/2020,10853
FV20KUU,91216,01/03/2020,15534
HV20WWR,81620,01/03/2020,8577
EK20CSV,90388,01/03/2020,27185
FP70FZN,86008,01/09/2020,24163
MW68MFX,76081,01/09/2018,4337
MV20NBY,92776,01/03/2020,13258
ST70WMC,92736,01/01/2021,33811
SB70ABN,90664,01/09/2020,7783
EO70FGX,96142,01/01/2021,44285
PY20JWA,81491,01/03/2020,34554
PL20DKA,87513,01/03/2020,12683
AF70NKM,91438,01/09/2020,46546
PJ69HKB,87926,01/09/2019,33307
FT70PVU,87963,01/01/2021,7347
LN68VAU,68306,01/09/2018,36305
OW19GZS,85328,01/03/2019,42804
DA70LJJ,90377,01/09/2020,19393
MM70DWX,90018,01/09/2020,2680
SP69YWG,89124,01/09/2019,37308
GD70NNZ,90662,01/01/2021,15621
AP70UWA,85752,01/09/2020,16893
SD68VMU,81635,01/09/2018,22894
HN70HVM,81620,01/09/2020,78163
SH70GRX,89921,01/09/2020,13308
FD70UYS,86126,01/09/2020,23820
PX69YSP,86126,01/09/2019,33034
DS69KTP,89921,01/01/2020,18874
CP70FLW,95154,01/01/2021,18761
GV70HTD,79329,01/09/2020,13731
PK70KFP,93354,01/09/2020,918
RF70FYX,91105,01/01/2021,13915
PJ20FFB,87988,01/03/2020,42778
GV70UMH,93485,01/01/2021,22376
NU70HUY,90357,01/09/2020,5276
PO20UPA,87896,01/03/2020,25704
RE70XRO,92130,01/09/2020,2602
MM70PZF,91176,01/01/2021,20599
EF70ATU,88930,01/09/2020,13244
FP69UUX,81728,01/09/2019,15791
ML70FXP,85776,01/09/2020,15467
YX70PUE,95535,01/01/2021,17192
PO70PSY,88930,01/09/2020,42830
DE69XUU,88215,01/09/2019,20323
CP70GOK,86126,01/01/2021,15087
CX70YBC,86480,01/09/2020,13000
PY70CDU,77732,01/09/2020,28846
YB20BBE,82624,01/03/2020,20895
FP69YLN,87299,01/09/2019,32489
SA20XHR,90768,01/03/2020,39633
EF70UGE,86578,01/01/2021,58828
FE20NRJ,87867,01/03/2020,48118
HX70JLO,91276,01/09/2020,17940
SH70VSC,85375,01/09/2020,11340
BK70AGZ,91006,01/09/2020,6608
CA70OKJ,87257,01/09/2020,2476
BA69SKD,88047,01/09/2019,38863
LB20FHK,92369,01/03/2020,32926
DE70BZH,81626,01/09/2020,19713
MM70LFR,95831,01/01/2021,9673
ML70UPC,93155,01/09/2020,13718
FY70JVT,90022,01/09/2020,32649
SB70UMX,88514,01/01/2021,21817
SO70OLC,91799,01/01/2021,16055
WD68FYZ,81484,01/09/2018,51606
DA70JGZ,84477,01/09/2020,31436
SF68ZPE,78825,01/09/2018,9257
NA70XMH,89972,01/01/2021,21934
PX70YZT,89988,01/01/2021,29288
YS70LMU,85378,01/09/2020,16895
HG69OKT,82624,01/01/2020,24306
YM70RVU,81218,01/01/2021,19351
ML20UCD,90020,01/03/2020,34570
EO20NWL,86519,01/03/2020,19523
HK69JPO,90386,01/01/2020,10873
AP19OVV,86514,01/03/2019,19952
EY68DBO,78382,01/09/2018,30232
LX68KZO,84866,01/09/2018,12793
GU20SVE,83287,01/03/2020,8080
YT20FGA,83049,01/03/2020,2926
WL19NXB,81668,01/03/2019,19136
PE20YPW,89392,01/03/2020,50648
HJ70YVF,92969,01/01/2021,19778
DS70YHD,93367,01/01/2021,20474
LM70LJX,91094,01/09/2020,39241
PE68RKK,75153,01/09/2018,59480
AV20NLD,87904,01/03/2020,14799
DL70XGK,95831,01/01/2021,8902
EF70AXB,86149,01/01/2021,38826
BD19KZT,83359,01/03/2019,26729
NU70HFF,91173,01/01/2021,37764
HG70LXD,86008,01/01/2021,22618
LD67WWR,70612,01/09/2017,16816
PO19OEJ,83298,01/03/2019,28560
MK70FJC,85754,01/01/2021,28453
NL70VWP,87810,01/09/2020,48517
SA68WBD,78437,01/09/2018,26573
YY20EWM,85390,01/03/2020,11772
ND70XPU,86008,01/01/2021,13253
WJ18FLL,75366,01/03/2018,82198
SH70YMU,90018,01/09/2020,26400
DF70WXB,86008,01/01/2021,9355
DC19XGZ,83359,01/03/2019,96931
FX69FBE,87766,01/09/2019,12955
PY70CVX,88512,01/09/2020,12704
MJ70BXC,88079,01/09/2020,58625
FR19NHB,81214,01/03/2019,10517
HF19WGK,77991,01/03/2019,1511
DG69WGX,88046,01/09/2019,33984
HV70TCX,93274,01/01/2021,9719
PN70VYE,95830,01/01/2021,5502
PE70VPO,89884,01/09/2020,46315
DS70OBU,90018,01/09/2020,5189
DP70SGV,91798,01/01/2021,18754
MP19CNE,86047,01/03/2019,27054
LV70PHO,86008,01/09/2020,25832
DP70RXG,88515,01/09/2020,21334
BL70MWX,92716,01/09/2020,56187
SL70EJY,93343,01/01/2021,2088
MT70FHW,91833,01/09/2020,8524
MW69YWS,89887,01/09/2019,25879
LA68BXR,84648,01/01/2019,58765
DV69FNW,80715,01/09/2019,9273
GM68UTG,83359,01/01/2019,37609
FP70MLE,92437,01/09/2020,13334
GL70KCV,86008,01/09/2020,19413
KS70HFG,91833,01/01/2021,52402
DF70ONJ,88514,01/01/2021,35426
FG70EUU,89307,01/09/2020,32795
LY70AAO,92436,01/09/2020,10753
YA70DLX,90018,01/09/2020,4087
YD70GZP,92441,01/09/2020,21167
PK70WEH,92678,01/09/2020,14659
LY70DBO,91955,01/01/2021,35761
WN20FEV,90018,01/03/2020,2648
DC68YBZ,86807,01/01/2019,15179
BV70OUP,85375,01/09/2020,20247
GY70TXU,86146,01/09/2020,18281
SO68MJY,70613,01/01/2019,45960
WD67HXN,75368,01/01/2018,74957
SL69XKK,87889,01/09/2019,59850
CU20OAC,87889,01/03/2020,40429
YC70OTX,85376,01/09/2020,8542
OV70PWY,92668,01/09/2020,49870
LV20NUO,88082,01/03/2020,28088
SB70GKJ,88514,01/09/2020,46098
ND70VSF,91832,01/01/2021,22720
SL70VHF,87261,01/09/2020,12589
YT20EEZ,87895,01/03/2020,36488
AE20VVR,88081,01/03/2020,21345
VL19AYA,88081,01/03/2019,34377
CA70PXT,90018,01/09/2020,25052
WJ70BXN,92437,01/09/2020,50590
PF20EZA,87992,01/03/2020,17579
LD69XJH,86008,01/09/2019,8980
YS20WYM,91802,01/03/2020,54601
DU20BRX,87986,01/03/2020,38557
PF69EBJ,88034,01/09/2019,38234
LO70JXC,90018,01/01/2021,6698
MD18ERX,74863,01/03/2018,39229
CE20RWY,85754,01/03/2020,31139
MT68SVC,84332,01/09/2018,27077
GD70HXK,92678,01/01/2021,20763
VU70MYK,86126,01/09/2020,5554
CA70BGF,85754,01/01/2021,28896
CV70UOA,90018,01/09/2020,28578
SG69WCZ,87877,01/09/2019,16206
ND20CWE,90377,01/03/2020,21436
VN70NWC,92675,01/09/2020,15328
BD70FFP,90200,01/09/2020,6208
BJ20NVK,83049,01/03/2020,12284
DF20VKJ,91061,01/03/2020,79388
CV20TXG,78845,01/03/2020,3606
FD70VRW,83771,01/09/2020,21966
YM70MUE,92668,01/01/2021,18975
MK70JWW,85754,01/09/2020,22152
BN70WAA,83772,01/09/2020,37994
SY70VSZ,86126,01/09/2020,25889
YE70PZZ,90176,01/09/2020,65875
PJ70YZB,92362,01/09/2020,9715
SD70ECC,86126,01/09/2020,27631
CA70WRG,91833,01/01/2021,52980
EG18TDZ,83359,01/03/2018,25895
PE70UFX,90377,01/09/2020,5162
YR70VZL,90018,01/09/2020,19961
FV70ZRE,93369,01/01/2021,40381
FD69GWW,91061,01/09/2019,48727
DE69MWC,85758,01/09/2019,55102
SL70UGX,90019,01/01/2021,10662
CV70SXH,90019,01/09/2020,37225
CN70TTU,88513,01/09/2020,48238
BL70CXS,92360,01/09/2020,19541
ML68VTZ,83359,01/09/2018,45563
SB70FVP,91097,01/09/2020,21569
YF19LFH,85754,01/03/2019,68636
DA20LLG,91362,01/03/2020,33603
ML69GHJ,81218,01/09/2019,12203
VF19BVO,87872,01/03/2019,51523
NV20MHO,88414,01/03/2020,20339
FP70CYT,90018,01/09/2020,14264
YS70EUL,85378,01/09/2020,32788
PE70YBR,85754,01/09/2020,17556
GL70THZ,93302,01/01/2021,76378
FG19KSV,83772,01/03/2019,43956
LL20YNU,90377,01/03/2020,46554
ML70DXT,90022,01/09/2020,32115
DK69SFX,83772,01/09/2019,36417
PJ20KVM,86126,01/03/2020,30846
BT70DUJ,90016,01/09/2020,12450
DF70OGP,92361,01/01/2021,8021
BV20RSO,91070,01/03/2020,6287
LG19TMR,85758,01/03/2019,26000
WA69PWE,83326,01/09/2019,19750
LA69NHK,90376,01/01/2020,25252
WR70WJY,85754,01/01/2021,23531
FY70PRV,81727,01/09/2020,14852
SH70NWM,90377,01/09/2020,54118
RO70NGV,88787,01/09/2020,12625
DK70UJZ,89690,01/09/2020,36156
LP18HEV,77835,01/03/2018,37644
CK20KFD,83771,01/03/2020,13102
MD70KHG,87893,01/01/2021,16841
YF20OPY,89921,01/03/2020,57812
SA70OEZ,81727,01/09/2020,19005
CU16VWM,75137,01/03/2016,54299
WL66HGM,69545,01/01/2017,66903
WG70WYV,92289,01/01/2021,5281
LO70ZXG,86008,01/01/2021,20455
YM69WLA,85754,01/01/2020,22040
MJ70ARU,87261,01/09/2020,31629
SK70ZDO,90018,01/09/2020,48961
FL68ZDM,78440,01/01/2019,49244
YR20OTB,90377,01/03/2020,10625
WD70MPU,90377,01/01/2021,26301
SB70DMU,92359,01/01/2021,7395
LM68AXF,83357,01/09/2018,12928
ND70ONU,90018,01/09/2020,35129
BF70XLE,92367,01/09/2020,23024
AF69HBJ,86689,01/09/2019,71054
LY70CNO,90019,01/09/2020,20393
SG69RJV,87889,01/09/2019,30575
MV68LLR,83772,01/01/2019,59338
YE69VJY,87996,01/09/2019,75507
SG70XYK,92441,01/09/2020,57779
BD70VHB,91006,01/09/2020,11918
AK70OFB,91438,01/09/2020,18465
NV70HJN,83771,01/01/2021,40233
DG20LKV,81620,01/03/2020,29288
VN19OHF,86824,01/03/2019,21476
ND70ADU,87512,01/09/2020,26660
BT70BVN,88705,01/09/2020,27330
KS70GOE,92360,01/09/2020,14004
VK70VWA,90200,01/09/2020,10882
DC19YAX,81237,01/03/2019,7295
NV70EZS,81218,01/09/2020,28526
KS70ZKT,93203,01/01/2021,35257
FL70UBJ,91094,01/09/2020,14681
ND70ULE,92713,01/01/2021,14595
FV70UDU,87986,01/09/2020,11530
NL20GUC,90666,01/03/2020,10245
KN20BVG,90018,01/03/2020,39703
YS70EOC,92359,01/09/2020,11966
YR69FYB,86030,01/09/2019,16875
SV70XBP,88512,01/09/2020,29540
EF20RUH,88787,01/03/2020,14966
SG20XAX,84986,01/03/2020,28904
EA70YLY,93211,01/09/2020,14280
SL68XZD,78285,01/09/2018,30093
WK20WUB,85754,01/03/2020,29599
PJ18MME,79309,01/03/2018,34365
FV70OMA,81218,01/09/2020,22220
HR19OMW,86126,01/03/2019,8711
BV70OMB,85360,01/09/2020,15919
GD20AOT,85755,01/03/2020,16903
LR20OMT,86689,01/03/2020,54166
NK69URG,83033,01/09/2019,57402
LS67XNU,78159,01/09/2017,22257
VO70UCD,86126,01/09/2020,11587
YT70GWG,81623,01/09/2020,24421
BK70KTT,81619,01/09/2020,4410
DV20EPO,90773,01/03/2020,29472
BU70HVB,83771,01/09/2020,33047
FL70RWK,88512,01/09/2020,41977
MT70EVK,95152,01/09/2020,33568
DF70LCW,81619,01/09/2020,23230
WJ70HNU,86126,01/09/2020,22384
LD70EOY,93385,01/09/2020,22627
YE19XWZ,87088,01/03/2019,8416
GY68WLP,87512,01/09/2018,19512
LX19LVK,83768,01/03/2019,27714
VE69HGO,90212,01/01/2020,43026
ST69XAM,87869,01/09/2019,36376
NV70JUC,92970,01/01/2021,7081
FL20NHA,90019,01/03/2020,9518
DE70FVB,90300,01/01/2021,32490
MA69YYO,84477,01/09/2019,16899
MW70JUH,86343,01/01/2021,5812
MA20EFC,87088,01/03/2020,36493
ND70UMS,95533,01/01/2021,28490
LM70YMP,90377,01/09/2020,8504
SK70WYD,86126,01/09/2020,45264
LC17VJY,77560,01/03/2017,66057
LD18MLJ,68369,01/03/2018,74725
SF70WGN,83732,01/09/2020,20686
HJ20SKZ,87869,01/03/2020,43232
FG70RYK,85754,01/09/2020,25255
YE70SVT,72441,01/09/2020,53896
DG19OPD,83054,01/03/2019,10886
BV70KWM,87985,01/09/2020,9413
YA19UWP,82733,01/03/2019,41761
CP70FAM,87975,01/01/2021,4155
PJ20LVF,92007,01/03/2020,37170
OV68SBZ,85327,01/09/2018,15110
GL69TLJ,78899,01/01/2020,5049
YJ69NKW,85796,01/09/2019,24266
WR70NVB,91563,01/01/2021,18971
SK70HTJ,92606,01/09/2020,22609
GV69VCU,87124,01/01/2020,37240
KN20VJP,83049,01/03/2020,18984
CV70VTL,90634,01/09/2020,51954
FV70XTY,93155,01/09/2020,27897
YA20AWF,86208,01/03/2020,21313
SC19NJX,76274,01/03/2019,40865
GU70YJA,81848,01/01/2021,3965
SD68DUV,84710,01/09/2018,20121
DA70XGO,81218,01/09/2020,18963
WD19FGE,82733,01/03/2019,8921
YB70FKW,90018,01/09/2020,7348
SH70VWX,90377,01/09/2020,5890
LF70RWO,84533,01/09/2020,11252
DV70WPN,92668,01/09/2020,42373
GL70VGE,90666,01/09/2020,16113
ND70BXB,87512,01/09/2020,26313
FY70ZBL,83270,01/09/2020,13562
AE20VYG,87988,01/03/2020,43466
NJ70MUV,81625,01/01/2021,12178
MW68MHU,83270,01/01/2019,14233
PJ70SYE,90664,01/09/2020,5829
MJ70XVN,89921,01/09/2020,35603
AO70NHL,90175,01/09/2020,37849
RO70ZNP,81498,01/09/2020,6388
LY70EXF,88784,01/09/2020,25291
HK70XMB,90666,01/09/2020,5125
KP70NMZ,87988,01/09/2020,28214
BK70HCH,82528,01/09/2020,20922
AU19ULT,74860,01/03/2019,42747
CE70WRP,81492,01/09/2020,36297
AX70BBE,81798,01/01/2021,22250
MW19EZP,83270,01/03/2019,31409
MW70BLJ,81796,01/01/2021,43498
LL20NHY,92007,01/03/2020,37593
GK17FMX,76833,01/03/2017,25416
SH70YCF,94081,01/09/2020,18101
ND70NSE,90663,01/09/2020,11154
PX69NVH,87824,01/09/2019,28477
SC70DNO,90662,01/01/2021,2354
FR19CWM,84711,01/03/2019,18073
NJ69VGT,87995,01/09/2019,82441
BJ67UYH,79658,01/09/2017,14062
FP70JZL,90663,01/09/2020,16305
FG70FGO,85775,01/09/2020,29130
MD70HRO,86508,01/01/2021,23724
ND70AOA,87510,01/01/2021,21881
WV70TCK,81620,01/09/2020,13023
GD18GNJ,76977,01/03/2018,18582
NL70PKD,88807,01/09/2020,24952
YH19BVS,87988,01/03/2019,62332
CK70YKP,90766,01/09/2020,57110
NU68PXN,72103,01/09/2018,40984
GD69WZB,87988,01/01/2020,49907
DN70XXK,90663,01/09/2020,17371
FD69UOB,87699,01/09/2019,29869
PY70HCL,92606,01/01/2021,13899
FD70YXF,90657,01/09/2020,5614
LL70VWC,84478,01/09/2020,24599
SH67RYC,73059,01/09/2017,77426
HY18BKX,77836,01/03/2018,44974
SF70XXJ,92023,01/09/2020,9990
DN19VGK,68333,01/03/2019,28904
KX20HKA,88662,01/03/2020,18358
HG69POV,86508,01/01/2020,41327
SK70FVH,81622,01/09/2020,60841
SM19HXH,85328,01/03/2019,71447
FY70YWA,77498,01/01/2021,26621
DX70LHC,94678,01/01/2021,34221
YG20KSE,84258,01/03/2020,19370
MGZ4612,68293,#N/A,27040
GU70DHA,87985,01/09/2020,13994
YN70NDZ,88510,01/09/2020,27265
MT70ZXF,88788,01/09/2020,43613
EK70NFE,90218,01/09/2020,23304
YF70BSX,95157,01/09/2020,34820
SB18FBY,71445,01/03/2018,5949
MA70MLO,87512,01/09/2020,13722
WK70XMW,84045,01/01/2021,2988
SD20NVN,88413,01/03/2020,14826
GU69YYD,87515,01/09/2019,21214
SG70TOJ,89921,01/09/2020,36288
SL68OHA,74848,01/09/2018,17094
YE70LDY,90376,01/09/2020,3790
CE19VUO,83489,01/03/2019,4983
YM70UTW,89921,01/01/2021,18946
DA70NTC,85751,01/09/2020,24397
SH70CGV,91833,01/09/2020,52655
GD18KHL,76048,01/03/2018,87815
ST20EOG,90538,01/03/2020,9320
MM70EWS,95534,01/01/2021,23208
CV70KZA,79301,01/01/2021,14088
LE19ZNV,87088,01/03/2019,6942
MX68VKK,68322,01/09/2018,9274
WD70PNF,93301,01/01/2021,37778
YL69BZJ,87926,01/01/2020,52409
PN69SCZ,86518,01/01/2020,4612
OV68YTT,74860,01/01/2019,82528
SP20LNX,77947,01/03/2020,8992
SB70JUK,91214,01/01/2021,16001
XHZ6743,87995,#N/A,19467
FE20RUV,77964,01/03/2020,36496
KJ18UXD,34493,01/03/2018,40031
FE20RYM,88801,01/03/2020,17994
DG70LHC,88783,01/09/2020,34413
BL70XRY,81796,01/01/2021,13616
PK70UAX,95534,01/09/2020,26744
BD20ZDL,87988,01/03/2020,15886
HW70JVD,83726,01/09/2020,7776
FH70LYA,92282,01/01/2021,13680
HD68LGW,84011,01/01/2019,6988
LE18DVV,81680,01/03/2018,19050
DS70DWY,90761,01/09/2020,18169
KN70ZVL,92776,01/09/2020,2505
DA18BVL,76056,01/03/2018,23459
FA18VXK,74857,01/03/2018,34669
FL70UEM,91454,01/09/2020,10844
LB70SYZ,90132,01/09/2020,2937
FY70VJP,91227,01/01/2021,56496
YT70ZHV,86810,01/09/2020,8790
DS70FRD,81805,01/01/2021,23702
SC19KHZ,87865,01/03/2019,12577
YT70GAO,89921,01/09/2020,22753
YK70GNM,94060,01/01/2021,30283
PX70YVD,86508,01/09/2020,12326
CV70XZN,90635,01/09/2020,17945
SY70HBK,91438,01/09/2020,14863
WG70YMH,92771,01/09/2020,13092
WJ70FWB,85720,01/09/2020,1842
SO68LZG,81976,01/01/2019,26504
EA70DFC,93249,01/09/2020,37952
YG69LDN,91252,01/09/2019,25383
CK20PMU,87995,01/03/2020,52980
MT70UJX,93266,01/09/2020,13358
DV69BOH,87926,01/09/2019,40379
BV70OUA,92738,01/09/2020,38536
MK70XCU,91485,01/09/2020,16357
BT70ULP,90019,01/09/2020,3507
WK70YHP,91833,01/09/2020,14685
AK70YTY,91838,01/01/2021,25750
YX70ZYK,91106,01/01/2021,18307
MT70DYP,81805,01/09/2020,19246
DL70ECW,89973,01/09/2020,11045
BJ70GVW,92362,01/09/2020,12911
YG20XMK,87996,01/03/2020,25715
DU69BWZ,87926,01/09/2019,41360
CN70YVO,92776,01/09/2020,19561
DL70BVX,86508,01/09/2020,6564
AO22JVF,87943,01/03/2022,21452
LX73JGV,100629,01/09/2023,2607
LD22YRZ,97503,01/03/2022,6720
GD23VTC,99784,01/03/2023,1701
DX21OKR,93673,01/03/2021,23986
EK22OMP,92696,01/03/2022,25532
LY70GYF,86518,01/01/2021,14941
YN73VDF,101386,01/09/2023,3385
BG22WRL,95119,01/03/2022,25889
NA23HPZ,100130,01/03/2023,13308
AJ72ZPC,98278,01/01/2023,3730
OY23NRO,95829,01/03/2023,5407
AY23YML,99144,01/03/2023,20376
DS23WZO,95020,01/03/2023,1961
CP23GZF,99573,01/03/2023,4360
YY72FLC,98277,01/09/2022,8058
SY73UKZ,103080,01/09/2023,7398
YW23HVT,92810,01/03/2023,3300
SH72MMF,97499,01/09/2022,15136
YC21NGN,93982,01/03/2021,5455
EY23ORN,95828,01/03/2023,11880
GY72KVO,100651,01/09/2022,7236
HG72GMU,100129,01/09/2022,12884
YT21XMJ,91414,01/03/2021,14829
LV72HCO,98594,01/09/2022,3396
HK73SYW,101095,01/09/2023,556
VE22OKA,91672,01/03/2022,13185
AO72KZE,99111,01/09/2022,8752
NC73FTE,103775,01/01/2024,23
DX22ZUD,96069,01/03/2022,825
YW72BCZ,95246,01/01/2023,7457
FD73KMY,99144,01/01/2024,126
LX23UXD,100735,01/03/2023,5509
NV73VHC,98773,01/09/2023,41
AK23XEW,97236,01/03/2023,4383
YP21ZJX,95829,01/03/2021,18235
WU23VNV,95829,01/03/2023,7100
WK72XDM,96746,01/09/2022,6833
GF22ZMU,96098,01/03/2022,35106
YM73VHJ,97499,01/09/2023,2600
WG72BKK,81730,01/09/2022,4278
FP72NFO,100393,01/01/2023,1195
CA22ECF,94986,01/03/2022,10817
YP72FWZ,96022,01/09/2022,18735
GJ73PXB,100513,01/09/2023,1160
FV22DXW,91415,01/03/2022,8672
YF23VSL,95014,01/03/2023,7254
DX73ZKR,95831,01/09/2023,249
PN22XYT,93463,01/03/2022,20370
GU22EZX,87942,01/03/2022,41604
FE73YVU,100105,01/09/2023,1037
EN22MVY,94920,01/03/2022,9449
SJ73OTW,95044,01/09/2023,1320
AE73OMW,101386,01/09/2023,10592
DF73OPY,99573,01/09/2023,435
SA23OTM,95707,01/03/2023,16019
KS22TMV,97236,01/03/2022,20963
NU73RXO,99595,01/09/2023,1415
PK23LXM,94664,01/03/2023,7731
DT21ULA,90333,01/03/2021,33157
HK72EYT,91415,01/01/2023,7815
CP72FME,99303,01/01/2023,2722
RF73AVT,101412,01/09/2023,1587
FG22BHX,96141,01/03/2022,17539
VO72OMR,97708,01/09/2022,9937
NA73ZXL,101150,01/09/2023,478
YC73GJF,94800,01/09/2023,53
NU72MLX,91214,01/09/2022,14145
BK23WBD,95021,01/03/2023,4453
CE22RDZ,92609,01/03/2022,26225
YC72OEU,99254,01/09/2022,13399
CF23TGV,95020,01/03/2023,3490
NG23FYS,91415,01/03/2023,12451
FP73JLV,99624,01/09/2023,1375
DC23LNH,100727,01/03/2023,7198
PN73YSG,101618,01/09/2023,2270
PY72GFV,99784,01/09/2022,22248
WG73DFF,96099,01/09/2023,2669
HV71OEJ,98319,01/09/2021,10040
KE21UVA,92427,01/03/2021,22031
FV72LHD,99624,01/01/2023,2824
DS23HKJ,99251,01/03/2023,2467
CK73UFG,101646,01/09/2023,2786
SB23LEF,91415,01/03/2023,5270
RV71BSU,96176,01/09/2021,28249
YA73EBC,101439,01/09/2023,525
SM73VTD,104227,01/01/2024,217
YP23GLZ,91415,01/03/2023,20520
FJ73SDU,101498,01/09/2023,6334
FG72HHC,98594,01/09/2022,3860
LO72KHJ,98594,01/09/2022,5428
AV71YBH,97769,01/01/2022,14913
ST22VFZ,90332,01/03/2022,6520
FG71YUW,97423,01/09/2021,23812
YA72JKU,96098,01/01/2023,5471
BT73XDK,103325,01/09/2023,271
FG23MPX,102204,01/03/2023,5541
CF70MOA,91388,01/01/2021,26156
RF21VFB,91673,01/03/2021,23874
PJ23LMX,101203,01/03/2023,3483
FP73GOU,102114,01/09/2023,2556
PL72KKT,100085,01/01/2023,7327
FD22ZLY,91060,01/03/2022,18844
CX71XSU,91673,01/09/2021,33755
CA23WJJ,96746,01/03/2023,6215
SM22HNC,94973,01/03/2022,17639
BT23DKK,98643,01/03/2023,3369
AO22CYH,96098,01/03/2022,16321
SK22JKN,93060,01/03/2022,6798
SM70NLP,89886,01/09/2020,9695
ML23NDV,100085,01/03/2023,6742
VK71MYW,94920,01/09/2021,2598
GL23ZZB,98643,01/03/2023,6243
BP73PKD,98777,01/01/2024,1176
NL72FDJ,99677,01/09/2022,4480
YH22ANF,95749,01/03/2022,13070
HG23UBP,99305,01/03/2023,3197
NA72BYG,91413,01/09/2022,3910
SD71FZE,81803,01/09/2021,14471
HD21GPK,95152,01/03/2021,13469
LL73SKJ,103325,01/01/2024,48
MJ21DXM,91833,01/03/2021,31694
MJ22XOH,96019,01/03/2022,14778
NG72YYP,98643,01/01/2023,2180
LM21WWO,89921,01/03/2021,38828
GF72BUH,98770,01/09/2022,22432
GL72ZNZ,100986,01/01/2023,9115
DA72RWX,100508,01/01/2023,10282
DL23XXJ,93336,01/03/2023,4218
PF23FVB,100138,01/03/2023,3167
MC73XOJ,101417,01/09/2023,1872
CX72URP,100085,01/09/2022,5863
HY21BUO,90734,01/03/2021,24542
MT22RUC,42098,01/03/2022,24167
WR72VKF,100984,01/01/2023,13308
MA71NRO,98045,01/09/2021,15828
EY23ULB,101150,01/03/2023,2939
EN23LTA,100986,01/03/2023,4289
KE23XST,98643,01/03/2023,3723
NV23SKN,99773,01/03/2023,1507
NC71PVZ,95395,01/09/2021,6021
NJ72XUU,97160,01/09/2022,4762
HV21WXT,95416,01/03/2021,47103
CJ73LDC,97328,01/09/2023,111
BW72YUJ,100985,01/01/2023,21451
PF72OFE,93354,01/09/2022,9945
MX71UBK,42110,01/09/2021,23415
CV70CLO,89921,01/09/2020,20082
ND70VLB,95833,01/01/2021,29272
WA70OSL,88930,01/09/2020,10506
AY70WKK,86518,01/09/2020,9216
FD70PVX,95830,01/09/2020,11877
FL20GKK,88931,01/03/2020,74195
SH70WWU,90333,01/09/2020,42045
WG68XKY,87270,01/01/2019,26589
LV70UPC,91096,01/09/2020,4418
CU70TAV,89921,01/01/2021,36545
SN68TPF,84865,01/01/2019,16696
FH70HYR,86508,01/09/2020,28655
BT70SJY,91096,01/09/2020,7332
LR20EBM,89922,01/03/2020,7828
EN70ZWF,89922,01/01/2021,5853
GX70LBV,90764,01/09/2020,16737
LL70HMA,95828,01/09/2020,38521
CK70NVM,93103,01/01/2021,9997
ML70UFD,86577,01/01/2021,32791
EO70OXH,87507,01/09/2020,10894
LL20UWY,92777,01/03/2020,29948
CA20WZF,87314,01/03/2020,28383
FL20JVT,88931,01/03/2020,99316
MJ70NRE,93199,01/09/2020,39375
SH70ODT,89921,01/01/2021,12981
SB70BHU,86227,01/09/2020,15709
BJ69PLX,87296,01/09/2019,18476
YM70XVO,91415,01/01/2021,54997
BG70MGZ,91466,01/09/2020,10865
PO20VUN,92775,01/03/2020,13144
FH69WBW,87261,01/01/2020,3286
NA70WUH,89974,01/09/2020,34399
AO69PVL,85788,01/09/2019,12839
EK70JHA,94060,01/09/2020,38760
PJ70SYV,86518,01/09/2020,21742
MM20BVO,91740,01/03/2020,41712
CA68HUU,85713,01/09/2018,12802
SL70XFK,90128,01/09/2020,7406
LC70VVH,91251,01/09/2020,5205
HS19KHX,81729,01/03/2019,10752
LM70JWF,91096,01/09/2020,31266
WF18WSO,77596,01/03/2018,39874
CA70EZF,90392,01/09/2020,41482
NU70LKM,86515,01/09/2020,38514
RJ70UXS,88222,01/01/2021,18739
BT70HOH,93157,01/09/2020,19422
CE70OAJ,91694,01/09/2020,20178
AP70YTX,93198,01/09/2020,5685
EA70MBV,93983,01/09/2020,44051
NA70LYT,90332,01/09/2020,15681
HN70RPY,91415,01/01/2021,16216
BX20JRV,90553,01/03/2020,39392
FP70ABO,93103,01/09/2020,11097
LY70EWR,86508,01/01/2021,19260
MJ70VGG,89921,01/09/2020,4949
MX70UDZ,93301,01/09/2020,22222
HY69VKW,85964,01/09/2019,38937
EA70EXR,90132,01/09/2020,12265
YA70MHE,95828,01/01/2021,22536
WD70PFF,95534,01/01/2021,7652
FD19WCZ,70063,01/03/2019,11313
SP70VFF,86508,01/09/2020,11762
SG70XLM,86516,01/09/2020,3826
DA70VFG,90764,01/01/2021,40955
VE70MXF,93353,01/01/2021,42194
LR70JAO,95533,01/01/2021,16263
KM70VOC,95534,01/01/2021,24088
WG69KTV,86193,01/09/2019,17186
ND70UNR,95533,01/01/2021,2129
GV20WDT,90769,01/03/2020,35169
PJ20DHX,88221,01/03/2020,23393
SY19GKA,87289,01/03/2019,34014
DE20GZX,91216,01/03/2020,31107
MJ70FMV,88027,01/09/2020,16404
MK70UCX,90724,01/09/2020,33850
EJ70CCK,93103,01/01/2021,8889
YT70PPZ,87261,01/09/2020,32977
WG70AVU,88545,01/09/2020,34185
KE18DVK,83290,01/03/2018,7597
YC70ZSW,89921,01/09/2020,53702
SB70DHJ,93975,01/01/2021,53453
MM70ZTG,93147,01/01/2021,5210
SJ70OAC,92974,01/09/2020,32268
LM20RVC,87921,01/03/2020,15346
VN70FVR,91222,01/01/2021,12240
AO70KOA,91456,01/09/2020,27746
PJ70TDV,81803,01/09/2020,18267
DE20YOF,90586,01/03/2020,17128
YM70DAO,93304,01/09/2020,42170
MK68NXG,81632,01/09/2018,50144
KS70OGD,89921,01/09/2020,9579
SR68HKK,78381,01/09/2018,48707
DX70ZXS,89358,01/09/2020,28621
LV70KUJ,95533,01/01/2021,14671
YA70KTU,95830,01/01/2021,17344
GK69MOV,87926,01/09/2019,35820
SD20JWE,87965,01/03/2020,32651
SR19YNT,86193,01/03/2019,13214
EA70YRM,93237,01/01/2021,16628
DT70YFJ,91731,01/01/2021,23316
WJ70EMF,87962,01/09/2020,16259
NA70KOB,87261,01/09/2020,29002
MT70LNR,93220,01/09/2020,35538
SB70LXE,91060,01/01/2021,45556
OV70BVP,91691,01/01/2021,26256
WJ20VTZ,83629,01/03/2020,30899
YD20BVR,89922,01/03/2020,6372
BW70HZF,95828,01/01/2021,15093
DE70DFP,91216,01/09/2020,18172
YP70KPL,87507,01/09/2020,41434
EA70DWK,89921,01/09/2020,30459
KM70EKY,87261,01/09/2020,26521
CV20HBA,90334,01/03/2020,57025
GD70HMU,86519,01/09/2020,34100
YJ69CHT,85694,01/01/2020,48631
BK70ZDD,81805,01/09/2020,19475
PF70CRJ,86518,01/01/2021,15995
LM70XNO,95533,01/01/2021,67824
VN20FOH,89922,01/03/2020,20367
AO70WHA,87263,01/09/2020,24323
FX69VVR,91096,01/01/2020,11245
SM69BWY,85964,01/01/2020,44453
FD20SXK,87926,01/03/2020,56269
PE70ZKV,86508,01/09/2020,29526
VA18TXF,70062,01/03/2018,45657
RE69XTV,81730,01/09/2019,12194
DA70VLH,88786,01/09/2020,32211
KV20MZF,91220,01/03/2020,40807
HG70EUJ,95535,01/09/2020,25997
GV70LYX,95533,01/01/2021,12746
FH70RXL,85962,01/01/2021,23943
NA70VMM,85694,01/09/2020,11313
YR70EYD,90336,01/09/2020,19527
SL70WDX,86518,01/09/2020,16761
MT20YVE,86507,01/03/2020,14503
PK70XSY,93265,01/09/2020,15447
BJ69YHD,88218,01/09/2019,31438
EA70YJF,86874,01/01/2021,24141
AE19LZG,84866,01/03/2019,21065
DL70GBX,93336,01/09/2020,19168
LD19LVM,85734,01/03/2019,50866
HY70LCO,91214,01/01/2021,14863
CA70EHN,93485,01/09/2020,28945
YF20GFO,89921,01/03/2020,31874
SC70FTX,90763,01/01/2021,23221
SH70YCM,93981,01/09/2020,17642
FY68YCX,81600,01/09/2018,97754
FP70UFU,89921,01/01/2021,19578
OE70YYK,81218,01/01/2021,27561
VO69NNV,76763,01/09/2019,4795
EU69WCT,87333,01/09/2019,22649
ST70XYM,91415,01/01/2021,31319
NL70RWV,93496,01/09/2020,29377
SC69GPF,90128,01/01/2020,11053
RE70YVV,93977,01/09/2020,55358
NV19TVX,81218,01/03/2019,67595
WR70OED,87507,01/09/2020,12801
BP70BEO,91216,01/01/2021,35604
FH70ORZ,91060,01/01/2021,44842
NG19YNK,86451,01/03/2019,65255
SK20PXN,89921,01/03/2020,25864
NH19YAV,70069,01/03/2019,8209
DV20HZF,90392,01/03/2020,27138
HN68KUT,70616,01/09/2018,65356
SD70MWE,86506,01/09/2020,16717
HJ20CBX,87507,01/03/2020,35065
PF70NVH,85714,01/01/2021,8433
MD70KOA,95533,01/01/2021,10271
SA70UBW,87510,01/09/2020,3366
ST20VMC,87261,01/03/2020,17636
DE69RYU,86149,01/09/2019,53739
CN70TCK,90753,01/09/2020,61463
CX20NWS,71246,01/03/2020,18948
MF70RRU,90333,01/09/2020,20188
WV70CVW,77729,01/09/2020,40189
LF70WRJ,87263,01/09/2020,8218
SL17YPA,76135,01/03/2017,41942
FV20HDD,90333,01/03/2020,18305
CV20GGU,89192,01/03/2020,32362
EF70UJB,88222,01/01/2021,19611
FL70OVZ,84978,01/09/2020,52425
WD70PKC,88515,01/01/2021,15267
KY70SZU,86508,01/01/2021,3959
FL70CRF,90141,01/09/2020,11916
PY70HZW,90764,01/09/2020,71094
WJ70EFM,93984,01/09/2020,56817
RO20LBV,88947,01/03/2020,13809
PN70VOC,88078,01/09/2020,27450
NK19NPN,76274,01/03/2019,28037
MH19ALU,87289,01/03/2019,15787
FY70NPA,88514,01/01/2021,6383
EA70YHK,88526,01/09/2020,49382
YA70DHN,93104,01/01/2021,21104
NV70HKO,88515,01/09/2020,48031
YX19TXH,75367,01/03/2019,70067
EF70NMV,91458,01/01/2021,12278
CV69WHG,86007,01/09/2019,10383
MJ20RWE,91095,01/03/2020,17049
OE70YXL,91832,01/01/2021,26653
BA19DYG,87289,01/03/2019,41190
GN68PDO,83298,01/09/2018,42549
KN69PJJ,81214,01/09/2019,40184
BP69UKH,87300,01/09/2019,13388
SJ70SXG,72439,01/09/2020,46463
HJ70DCF,91833,01/09/2020,45596
YE20YFU,89886,01/03/2020,20210
MJ20TVM,90386,01/03/2020,36960
NJ20JUO,45942,01/03/2020,40887
ML68OGN,68301,01/09/2018,13002
CT19XNO,81006,01/03/2019,22502
MW70MVA,91832,01/01/2021,27794
MJ19MLL,68307,01/03/2019,18465
YB19EOG,83357,01/03/2019,37319
OV70GSZ,95828,01/09/2020,32297
ST70XTL,91468,01/01/2021,26806
CV70KZC,84069,01/09/2020,40822
LB70SXU,90377,01/09/2020,5138
DF70XMA,90018,01/01/2021,13258
GL70LNT,93237,01/09/2020,11947
BK70FDU,87507,01/09/2020,2902
NG70UEV,87903,01/09/2020,60249
BX70WVB,93145,01/01/2021,14169
DF70HHA,87897,01/01/2021,18537
EA69UUX,81731,01/09/2019,27741
AP69JWM,86269,01/01/2020,19679
AYZ6221,83376,#N/A,29305
FD70URP,93103,01/09/2020,1752
BT70TVJ,88515,01/01/2021,24041
BJ20ONL,89887,01/03/2020,8806
CU68LYV,83359,01/09/2018,33009
FP70LFD,84980,01/09/2020,32114
SD70DXV,88082,01/09/2020,22607
MM68JUX,83358,01/09/2018,14707
SH70KVG,90761,01/09/2020,20241
PX69UFV,90399,01/09/2019,40649
YH70CKG,88082,01/09/2020,36096
SA70KAX,89393,01/09/2020,19657
GV70TZY,91833,01/01/2021,7368
ND70YWN,95830,01/01/2021,27634
DL70ETV,86526,01/09/2020,15808
SM70OZT,95828,01/01/2021,13794
LR20YCZ,90019,01/03/2020,13035
WF70WCA,91442,01/09/2020,37987
SB70NVU,91833,01/09/2020,26625
YN70VHP,83768,01/09/2020,31985
YA69SRV,83295,01/09/2019,18685
KT70JOU,94666,01/01/2021,20741
GX70HJK,91468,01/09/2020,38953
LL70HXC,90141,01/09/2020,11217
OV70YRE,91060,01/09/2020,55630
SGZ2981,93297,#N/A,13754
SC18SKE,81484,01/03/2018,9840
SH70EZU,86518,01/09/2020,50650
SB70CYO,88515,01/01/2021,30605
GN70WWO,85693,01/09/2020,29489
PX70WJK,89921,01/09/2020,10994
DE20VUJ,88439,01/03/2020,35137
LY70ANR,86508,01/09/2020,34672
FY20WUV,86046,01/03/2020,14108
OV70KUH,81881,01/09/2020,13237
LB20CCK,87891,01/03/2020,44462
PK70KNB,91096,01/09/2020,14856
BG70XAU,94073,01/09/2020,25343
CA70RZR,91798,01/09/2020,22269
AK23FXY,98643,01/03/2023,3433
NV23FHY,93354,01/03/2023,738
MC21YSD,96562,01/03/2021,12655
DA23RTZ,96321,01/03/2023,3926
BJ22YLC,97335,01/03/2022,21270
VE21ETU,95242,01/03/2021,22299
LX22NNZ,96456,01/03/2022,9763
PJ71GHO,93214,01/09/2021,2933
AE21OFW,87860,01/03/2021,18237
SD21ZFZ,93163,01/03/2021,28530
YN21NWJ,91731,01/03/2021,26158
MT71UKZ,90660,01/09/2021,8311
RO22WUW,97422,01/03/2022,9376
KM71VTG,94721,01/09/2021,29912
ML21HBF,95832,01/03/2021,17722
SH23WEW,93354,01/03/2023,28
DF23KWH,97499,01/03/2023,2998
HG72AZO,99101,01/09/2022,15503
YY23KKU,95021,01/03/2023,6926
EK21CZV,91833,01/03/2021,34070
CF23WYG,100508,01/03/2023,3338
DF23FWU,100082,01/03/2023,6128
MA21WOJ,94648,01/03/2021,3515
WD72FNG,99455,01/01/2023,5256
EJ22FJD,96144,01/03/2022,35826
BG22XSD,96098,01/03/2022,3991
DF22ORH,96746,01/03/2022,14270
ND72ZPM,92282,01/01/2023,4022
GM23UBE,99573,01/03/2023,2765
LV23XBH,99421,01/03/2023,2602
VK21EPP,92746,01/03/2021,31515
SO23LWD,101391,01/03/2023,2478
HN72KUP,98538,01/09/2022,14479
NA23DHZ,100105,01/03/2023,2475
SM21GHA,94648,01/03/2021,14100
LY23KZF,92812,01/03/2023,132
DA23KJV,99302,01/03/2023,3762
OE72VBU,93354,01/09/2022,3045
AY72RDX,95985,01/09/2022,24865
YR21KCE,92777,01/03/2021,14694
FY71JXP,94986,01/01/2022,31582
YR21ZFN,90764,01/03/2021,20504
LX22YFU,96562,01/03/2022,15273
NJ71OWF,96452,01/01/2022,30408
SM72DSU,91704,01/01/2023,7095
ML71UFM,96562,01/09/2021,12030
OY21MKJ,95831,01/03/2021,24370
MJ22ZKN,94670,01/03/2022,11341
LY23SXA,95021,01/03/2023,1524
YF72LNO,100129,01/09/2022,2986
FP21HNN,95328,01/03/2021,18707
GK72LCN,96744,01/09/2022,28540
SD21VJE,93199,01/03/2021,26142
AU21UKP,81848,01/03/2021,20622
MM23GWE,97770,01/03/2023,11883
SH23DWJ,98643,01/03/2023,11453
EO23BHX,95042,01/03/2023,14467
WO72LCF,100080,01/01/2023,13457
DV73VCF,99840,01/09/2023,3734
ST22WPZ,99771,01/03/2022,24516
MH21BFV,90456,01/03/2021,34761
YD23AFN,100147,01/03/2023,14182
YC23UKZ,100105,01/03/2023,14811
SN72HMV,98581,01/01/2023,1807
WF21TYK,91745,01/03/2021,40022
PF23UHB,99142,01/03/2023,2860
MT72NKH,100167,01/09/2022,1623
BC23OOE,100735,01/03/2023,3042
PF71KNN,91214,01/01/2022,4558
HF22DDE,98269,01/03/2022,12333
KM72BOJ,100984,01/01/2023,17468
LO73DCU,101617,01/09/2023,487
AP23MDO,102114,01/03/2023,5962
YD72OBP,100105,01/09/2022,11300
LX21WKC,95533,01/03/2021,4459
VK21WKV,93163,01/03/2021,15057
EU22MZD,97420,01/03/2022,7626
YH23KMJ,98772,01/03/2023,2548
CF22OLH,97423,01/03/2022,7909
MH21TGK,91060,01/03/2021,24456
WK23YJU,99533,01/03/2023,7868
SX23HJU,99861,01/03/2023,5271
GD23FFH,98643,01/03/2023,3894
YY23NFD,98771,01/03/2023,3061
DN71OCD,95102,01/09/2021,3075
PY73EHL,100512,01/09/2023,2493
MX71XKV,93299,01/09/2021,18971
NJ23YGW,94983,01/03/2023,1159
WN21PZG,96100,01/03/2021,39082
GF72OET,98538,01/09/2022,902
CV73FSL,93088,01/09/2023,2509
DE22HTK,99534,01/03/2022,16413
FM23DZW,101393,01/03/2023,7036
PK23HWR,100105,01/03/2023,1313
XHZ9432,81796,#N/A,11697
PJ73VYG,100985,01/09/2023,2019
LM21ZKV,91216,01/03/2021,6952
WM72UEN,100088,01/01/2023,32504
MJ73WGY,101617,01/09/2023,4747
BJ73HTD,101831,01/09/2023,4085
VK72JYF,99097,01/09/2022,10229
CU21YYC,93353,01/03/2021,27642
CE23NDK,96743,01/03/2023,6353
WR23YNO,94986,01/03/2023,1169
WD21DKJ,93452,01/03/2021,51477
WIG8145,96140,#N/A,9704
LV22TXU,94686,01/03/2022,14000
PL23CZR,96489,01/03/2023,950
SH73KSY,93339,01/09/2023,6237
XGZ2771,92881,#N/A,9199
ND21VBP,96746,01/03/2021,7007
HJ22WXL,98265,01/03/2022,22108
BL73JHA,97717,01/09/2023,207
MJ23AEL,96140,01/03/2023,4922
EA22DWP,94677,01/03/2022,15755
SW67ADZ,79658,01/09/2017,61530
LV70VCC,92367,01/09/2020,39556
WR18ONJ,81374,01/03/2018,46378
AU19WXO,83361,01/03/2019,64853
GF20CTV,84578,01/03/2020,18036
EA19JNO,87088,01/03/2019,4601
NA70WOD,93489,01/01/2021,29098
EA70HKX,92437,01/09/2020,33801
EO20KTU,88788,01/03/2020,25725
YL70DXE,93343,01/01/2021,32445
PF70PGE,85754,01/01/2021,26222
GF70LFG,87512,01/09/2020,38111
HY70OND,81799,01/09/2020,14173
BJ70HRP,85754,01/09/2020,31655
MM70DWV,90664,01/09/2020,6369
MT70YTK,83796,01/09/2020,19206
SX66GBF,76291,01/01/2017,53283
GD19FJA,83796,01/03/2019,8721
HF70VZG,92973,01/09/2020,34494
SY70NEJ,91692,01/09/2020,43477
NV70OAG,91688,01/01/2021,40678
GD20AZR,83796,01/03/2020,14926
LV20KJY,79329,01/03/2020,10984
NV70KPO,79329,01/01/2021,6810
LM20ZRC,87986,01/03/2020,71351
EO70UVY,78106,01/09/2020,37893
LO70ATZ,90018,01/01/2021,32418
BL70VNO,86518,01/01/2021,15209
PK70KLF,85754,01/01/2021,11093
NU70UCD,81491,01/09/2020,47127
GJ70WYO,86518,01/01/2021,26780
YL70ERZ,90712,01/01/2021,11498
CV70FHR,92605,01/09/2020,16301
FH70HYS,86518,01/01/2021,16586
SD20XYN,91216,01/03/2020,33175
BD70KUG,93297,01/09/2020,8257
SB70XCD,95533,01/01/2021,20133
GL70USU,90018,01/01/2021,7655
MT70WZM,90377,01/09/2020,11107
SH70TZW,93343,01/09/2020,55053
HK70VCZ,90018,01/09/2020,33517
EJ70FRN,90207,01/09/2020,37712
NA70LGD,90377,01/09/2020,19057
LM70RUH,90377,01/09/2020,9383
AX70BHD,90635,01/01/2021,10116
PJ20FCD,87988,01/03/2020,18869
NU70ZVF,95165,01/09/2020,19972
VN20OSU,90016,01/03/2020,24129
SG68UKM,74846,01/09/2018,40295
CF69JNN,90018,01/01/2020,27106
LY70AGX,90019,01/09/2020,46192
DK20URT,83771,01/03/2020,33771
LS70VNB,91096,01/09/2020,11346
WR70HVP,83772,01/09/2020,29735
GD70DLE,90016,01/01/2021,25830
DF70FHL,81798,01/01/2021,1541
DA20KHD,87985,01/03/2020,16123
CX69XDT,84330,01/09/2019,34755
LC67DXW,82100,01/09/2017,30114
HK20YEX,90662,01/03/2020,19147
MF70HCE,81212,01/09/2020,10007
YB68MTZ,74848,01/09/2018,23398
ND18GSZ,74848,01/03/2018,18387
MD70EVG,94677,01/01/2021,24541
NA68ZLE,84334,01/01/2019,19293
EJ70JWL,89697,01/09/2020,26933
MT69XLW,90663,01/01/2020,24667
KX68VNT,84708,01/09/2018,23148
PK70HHC,86508,01/09/2020,5519
YM70YVA,92359,01/01/2021,18797
AP70VWK,90018,01/01/2021,43837
FP20BYX,81798,01/03/2020,12998
BT70XWB,95535,01/01/2021,14152
SO19YUL,86193,01/03/2019,80277
EF70LSD,92359,01/01/2021,15782
CA70RWU,88929,01/01/2021,49999
PF70RWN,95828,01/01/2021,13851
MM70KZE,86577,01/01/2021,15536
KW70VNP,86578,01/01/2021,15544
YF70CVX,81805,01/01/2021,23529
DK68OPU,79655,01/09/2018,23977
YC70OEG,93452,01/01/2021,10496
LM70DTY,93153,01/09/2020,10249
AF69XUC,76274,01/09/2019,28329
ND70EDO,91098,01/01/2021,21143
SM19LTN,76274,01/03/2019,54700
LY70BHX,95828,01/01/2021,31842
WM70RWV,95535,01/01/2021,11783
ML70ZXH,89628,01/09/2020,48699
BP70OCF,85475,01/01/2021,11059
MJ68KBX,81728,01/09/2018,12663
SH70NXU,93975,01/01/2021,22685
FV70LKX,92771,01/01/2021,18771
CK70VJP,85714,01/09/2020,64467
EN68CVR,84650,01/01/2019,6837
SB70ZNN,86574,01/01/2021,10591
MW70NWK,94674,01/01/2021,15671
AO20HSK,85373,01/03/2020,40943
PY70BWG,86689,01/09/2020,16379
EU68LSE,74751,01/09/2018,20221
MV70AYZ,91457,01/09/2020,32477
SM70WFZ,81803,01/01/2021,18816
BV17VBD,72445,01/03/2017,18456
FJ70NBF,94683,01/09/2020,29122
EF70NRZ,94677,01/01/2021,47350
RJ20KLP,92775,01/03/2020,27126
ML19OTH,87291,01/03/2019,19673
SB68RXK,81735,01/09/2018,42524
SK70CMZ,89921,01/09/2020,31665
MK70FXW,91216,01/01/2021,14671
MW70NKP,91694,01/09/2020,11458
LT17YTM,68370,01/03/2017,84278
SN70UUT,88929,01/09/2020,17114
YR70XTW,92771,01/01/2021,20518
DT19YHD,76302,01/03/2019,36771
KE70UWM,85378,01/09/2020,8993
PE70XRN,93258,01/09/2020,19061
YJ70WVV,93285,01/09/2020,43053
YE70PWN,85461,01/09/2020,39685
YM70ZKK,93104,01/01/2021,14161
KW70WCM,86518,01/01/2021,35891
YA70YDD,88222,01/01/2021,3575
VN20EZV,91251,01/03/2020,7066
EK70URC,95535,01/09/2020,25110
BP70NUJ,86508,01/01/2021,14404
SL70XZF,85375,01/01/2021,18363
CV70YKF,86518,01/01/2021,13922
ND70NEU,86508,01/01/2021,35979
DX70YGG,87507,01/09/2020,18629
ST70WME,85375,01/01/2021,25549
SD70YYJ,91798,01/09/2020,46923
GV70SOC,95533,01/01/2021,32237
MC70TAV,93234,01/09/2020,25975
BP70ZTD,86518,01/01/2021,9900
DL70KUE,86508,01/01/2021,8764
YY70BVJ,93266,01/09/2020,19525
FX70TYS,92775,01/09/2020,25896
YA70VKU,86508,01/01/2021,17689
NA70LWN,84991,01/09/2020,24127
CV70ZTZ,88125,01/09/2020,7096
CA70EYR,91799,01/09/2020,10533
YB70UWN,91954,01/09/2020,54541
GU70ZGY,88222,01/01/2021,26923
PE69WXW,84643,01/01/2020,43023
ND70FXY,87507,01/09/2020,33712
MW70WBM,86508,01/01/2021,8995
SB70BYZ,91798,01/09/2020,18780
FH70UYY,91798,01/01/2021,31807
FL70TBV,86518,01/09/2020,36984
LN70YXF,87507,01/09/2020,10305
PX19LYF,84008,01/03/2019,9820
NL70EFC,87507,01/09/2020,40645
LT70HXR,86518,01/09/2020,11011
BT70ZVA,86508,01/09/2020,5573
PMN674C,85090,#N/A,3349
CK70AET,91224,01/09/2020,26157
LR70VST,91798,01/01/2021,23384
FN70MMU,95533,01/09/2020,12143
SE70DZT,93013,01/09/2020,19756
ND70ZBW,91798,01/01/2021,8305
DL69VBY,87507,01/01/2020,28054
GD70RYM,81803,01/01/2021,11703
GJ70NWY,87507,01/09/2020,35634
FL20JFO,85377,01/03/2020,50271
AY70UYA,85375,01/01/2021,10099
SB70UJJ,86508,01/01/2021,19058
HV20ZKT,84992,01/03/2020,41934
HT70EWA,93103,01/01/2021,2490
HT70DMF,91413,01/01/2021,12094
CV69NVG,88047,01/09/2019,66835
ND70WCU,91838,01/01/2021,7895
SO69ASU,87866,01/01/2020,12429
CK70EJE,90586,01/09/2020,16273
NV70LJU,93278,01/09/2020,25430
MT20BKZ,90768,01/03/2020,9009
AP70XFE,90753,01/09/2020,34370
HK70ZNU,91838,01/01/2021,48805
DE20OYO,85378,01/03/2020,12528
BJ70YHF,90596,01/09/2020,4242
YS70OYM,93103,01/01/2021,3571
SG70ZRU,90761,01/09/2020,16348
NJ20KUH,83272,01/03/2020,30736
LV70MVZ,93980,01/09/2020,16025
SB70YUE,86518,01/01/2021,16296
PK70ORC,87263,01/09/2020,10834
LO70UWY,90761,01/01/2021,61665
FY70VYS,90765,01/09/2020,17562
YA70UBJ,93266,01/01/2021,9751
PX70XSD,86874,01/09/2020,27366
FN70ZJY,85370,01/09/2020,36747
MT70SYJ,90763,01/01/2021,10837
DA68GZB,86675,01/01/2019,27509
KK69HPA,87920,01/09/2019,48283
PY70CFZ,86126,01/09/2020,45047
HN70JDJ,88947,01/01/2021,9731
SC70GKL,94717,01/01/2021,10736
MM70ZKA,86126,01/01/2021,11541
CV20EUF,90763,01/03/2020,4431
YB70BUE,90763,01/09/2020,17407
SD70WWV,93490,01/09/2020,24790
PJ70OJN,93269,01/09/2020,7763
AK69BWB,81728,01/09/2019,6065
GD19PKC,86126,01/03/2019,40652
VK69CKP,76763,01/09/2019,16011
YD70VWJ,87263,01/09/2020,8581
SH70ACY,77729,01/09/2020,15659
DF70USG,96026,01/01/2021,27038
CV68RSY,78275,01/09/2018,46067
YX19PLF,86193,01/03/2019,32523
MF20NBO,88389,01/03/2020,22055
RN19MUE,76403,01/03/2019,92427
SK70LXT,90582,01/09/2020,14169
PK66XGW,73056,01/09/2016,31175
YH69XRS,89013,01/09/2019,41000
SD70YJM,86227,01/09/2020,12376
BC70VDY,91672,01/01/2021,7475
SC70BTF,91412,01/01/2021,41362
EA70EYM,86227,01/09/2020,4230
GF70HNH,83049,01/09/2020,14826
CA70DLN,88930,01/01/2021,28731
KS70GKY,87920,01/01/2021,47814
FV70YCU,90598,01/01/2021,19399
SF19BBH,76763,01/03/2019,55118
AO70TXS,88803,01/09/2020,65658
CV70YNH,86532,01/01/2021,13153
CN70PDX,81727,01/09/2020,20663
AK70OVX,90577,01/09/2020,9576
EU70TVJ,86270,01/09/2020,45599
WK70WXP,77729,01/09/2020,38171
EO70BNY,83049,01/09/2020,22159
YJ69GLT,81727,01/01/2020,8838
NK70PZS,93145,01/09/2020,34197
SL70OTF,90582,01/09/2020,7725
SJ70ZPB,87502,01/09/2020,26249
WD19ETY,75460,01/03/2019,18814
NV71RFL,93981,01/01/2022,14878
DU21EJG,95828,01/03/2021,15439
EK20HOA,83271,01/03/2020,46049
YY71BWB,93201,01/09/2021,13223
GV71ODY,91219,01/01/2022,27343
FT73HGJ,101500,01/01/2024,524
OE22KXX,91414,01/03/2022,7398
AV73KXC,99533,01/09/2023,2023
CP23DKY,100512,01/03/2023,3478
YE73FZP,101497,01/09/2023,5331
MD73VZS,95021,01/09/2023,2294
NX72HWO,98582,01/09/2022,12994
BP73DUV,97303,01/09/2023,219
SV22JPF,96773,01/03/2022,7756
BG73AEP,101237,01/09/2023,2897
LV22NZT,95706,01/03/2022,15864
LD22MMO,92460,01/03/2022,28812
EF73BXR,100735,01/09/2023,833
CJ22MHV,97420,01/03/2022,2386
DN21YDK,91731,01/03/2021,21390
UGZ8316,81803,#N/A,15886
EK23GTY,100178,01/03/2023,12181
FV23EEJ,97236,01/03/2023,10862
NX71XZM,95833,01/09/2021,3676
YS73BBO,103131,01/09/2023,4159
YT21EWG,90213,01/03/2021,21930
HN21SXL,84369,01/03/2021,50001
MK73UZJ,96325,01/09/2023,2405
NU73DVX,98189,01/09/2023,5109
MW72GDE,94979,01/09/2022,14582
CN71AWC,81730,01/09/2021,12468
YE21UJF,90018,01/03/2021,21922
GP21BFF,95703,01/03/2021,1369
FP19DYC,86454,01/03/2019,29993
ESZ4123,86519,#N/A,32214
YR69ODS,87296,01/09/2019,12206
SV70YHF,91093,01/09/2020,73938
GV68XYB,87846,01/01/2019,53104
MM70SGU,86518,01/01/2021,12819
GL20ASU,88662,01/03/2020,20905
FT19JTZ,84481,01/03/2019,34136
YD70PNN,83794,01/09/2020,35559
YK70GJB,85760,01/09/2020,10777
WA70YFT,92775,01/09/2020,27034
FX70XPY,86198,01/09/2020,10154
DA69HWN,87339,01/01/2020,36032
WN71YBH,97503,01/09/2021,4474
LY21AGV,86578,01/03/2021,24205
WK72VHR,93339,01/09/2022,30568
PX21YMH,91470,01/03/2021,40918
BC22CLF,98268,01/03/2022,11476
CX71XMW,93338,01/09/2021,41426
GY23VPE,100985,01/03/2023,3805
SB70OUP,91861,01/09/2020,9140
HG70ASV,91860,01/09/2020,8807
WR70PHV,82920,01/09/2020,41433
BD70KUK,82920,01/09/2020,20830
LV70FMO,91197,01/09/2020,59645
EJ20BCE,92402,01/03/2020,21840
LF70GJE,82920,01/09/2020,14505
HK72MXC,93930,01/09/2022,6195
SH73YZD,102369,01/09/2023,2252
LT73CYX,100105,01/09/2023,2099
ST73ECA,103524,01/09/2023,1787
YL23DTY,101646,01/03/2023,5399
YD23WJE,90727,01/03/2023,3383
WK71VFS,81881,01/09/2021,54310
LM72FBF,99421,01/01/2023,5690
WK23VGG,100735,01/03/2023,17161
LT72OLG,97326,01/09/2022,11536
SH70POU,96026,01/01/2021,23212
GY21KSZ,95833,01/03/2021,25831
SH22TBV,98198,01/03/2022,12262
BP23AKG,93975,01/03/2023,5921
NV22PHU,98534,01/03/2022,13833
EO72SVW,97328,01/09/2022,15858
EJ69NWV,88807,01/01/2020,33747
YO23UPG,97236,01/03/2023,6219
FV22PKK,98195,01/03/2022,13394
RK70AJX,85693,01/09/2020,3916
BC22CUJ,98883,01/03/2022,13498
FV71YRK,87961,01/01/2022,27775
CK21TGJ,93370,01/03/2021,31909
BP23YZW,98772,01/03/2023,10393
ET21LXU,89415,01/03/2021,19703
ML70VWS,91279,01/09/2020,5274
ML22EBJ,94664,01/03/2022,12304
LN23OAZ,97328,01/03/2023,9225
MC22ONO,99775,01/03/2022,19612
DE23LLC,101148,01/03/2023,1657
MM73JEU,99251,01/09/2023,2736
PY72BBU,101203,01/09/2022,21905
HJ71OPM,97335,01/09/2021,54308
BL22DKV,99195,01/03/2022,11188
VA21FJU,94776,01/03/2021,2324
MT71KSN,95016,01/09/2021,9460
HK23ZNE,100901,01/03/2023,3172
FT21OFO,89921,01/03/2021,34420
VK21EBC,90656,01/03/2021,16418
EY23XTP,99421,01/03/2023,14482
CY71BBJ,98643,01/01/2022,1147
ST72YPR,94986,01/01/2023,3225
AO71XDX,95793,01/01/2022,14888
MC21XTD,90333,01/03/2021,31209
DY22LVC,96828,01/03/2022,17459
CV71TZF,93281,01/01/2022,16866
PY21WHK,94776,01/03/2021,16720
ME23UKP,99250,01/03/2023,530
DT21XOZ,90333,01/03/2021,28412
MT71VJD,94721,01/09/2021,14273
MW73VXX,96577,01/09/2023,3177
SH73HNA,101618,01/09/2023,1669
HK23TTF,100901,01/03/2023,1903
YX21VRO,93452,01/03/2021,42817
HK73VBJ,102114,01/09/2023,1066
NG23XEZ,98277,01/03/2023,3913
WU72YTB,91412,01/09/2022,6905
LP73HDV,100919,01/09/2023,1033
MA72WBP,100638,01/09/2022,10668
GY73MSV,101088,01/09/2023,2118
ST23PPU,100138,01/03/2023,2558
LL73CMK,99421,01/01/2024,644
GF21WCK,93214,01/03/2021,33631
GX23WVU,98775,01/03/2023,2408
YS22KYK,95157,01/03/2022,17727
KP23LRK,100895,01/03/2023,13094
DG21UML,93456,01/03/2021,23602
LF23EDM,97302,01/03/2023,5190
BD72HRE,97503,01/09/2022,12033
MM73SUF,103201,01/09/2023,114
FH22LVB,98643,01/03/2022,22711
KS72YMY,93360,01/01/2023,18505
AV71BXN,96137,01/09/2021,14218
ML73UJC,99533,01/09/2023,792
YO21VUN,91390,01/03/2021,19878
GK73HRW,101237,01/09/2023,3489
FY23ZDR,98537,01/03/2023,2397
YG72DKU,91414,01/09/2022,6850
GX71NXW,96777,01/09/2021,3763
YM72ETA,98643,01/09/2022,19022
FN70HKX,86261,01/09/2020,4009
MA70PFJ,83975,01/09/2020,25046
FX68HUZ,68304,01/09/2018,106633
PF70LLX,86810,01/01/2021,22999
SD70UVA,83796,01/09/2020,24406
PJ20TGE,82530,01/03/2020,23958
PK70FYV,93456,01/01/2021,25399
DE70EXO,86261,01/09/2020,18864
BL70YPE,93452,01/01/2021,43308
WJ19EGU,85803,01/03/2019,15771
FH19OVW,76049,01/03/2019,9880
RE70UCF,85788,01/09/2020,29856
SD20SRX,89921,01/03/2020,47226
CK20XLV,81491,01/03/2020,45000
PL68ZKS,74862,01/01/2019,51736
A16BMD,86260,#N/A,12187
LM70UFZ,89921,01/09/2020,35535
WK20XWN,89921,01/03/2020,13173
FG72RVX,96176,01/09/2022,9258
YC70BHZ,86809,01/09/2020,12165
FG20KRO,89921,01/03/2020,59179
HF70JNO,93250,01/09/2020,1331
CV20YYN,91446,01/03/2020,18998
SF19GTD,83376,01/03/2019,58125
BJ20AZN,89358,01/03/2020,72375
YN70XUP,92776,01/01/2021,5204
OXZ3972,87996,#N/A,23774
DK70VSU,92776,01/09/2020,13015
CV23PWE,100901,01/03/2023,6781
MD72ZSW,96023,01/01/2023,7446
MT73VPD,93354,01/09/2023,1694
BA54LKS,97508,#N/A,9604
BF22NFJ,93353,01/03/2022,6152
BT73ZBG,97710,01/09/2023,2094
SM72GHG,85361,01/01/2023,10368
WL23JBV,97328,01/03/2023,7191
YS21UHE,95533,01/03/2021,15430
FL23XKE,100217,01/03/2023,13586
PJ71DVM,97328,01/09/2021,9002
AK71BVM,95147,01/09/2021,16992
PL23UUX,99772,01/03/2023,2492
EA22YYZ,97420,01/03/2022,30296
SD73HYV,95162,01/09/2023,2203
FV73OSG,103081,01/09/2023,939
WD23PVJ,91412,01/03/2023,10914
PF72RYT,101203,01/01/2023,11048
SK72AOA,100509,01/09/2022,360
DX72XPP,97503,01/09/2022,5034
ND23MXG,98537,01/03/2023,3564
WF22BEO,96879,01/03/2022,11166
KT21FWP,93356,01/03/2021,8541
AP21HZR,93674,01/03/2021,6539
SM22CYL,97162,01/03/2022,11624
FL23RVA,91414,01/03/2023,2104
EA71VUN,93338,01/09/2021,37482
CK71LJX,81727,01/09/2021,10252
FP72XUG,99533,01/09/2022,8251
EJ71VBT,88930,01/09/2021,21021
AF21CKX,95466,01/03/2021,30206
YS73ZFF,103079,01/09/2023,2246
CV23USO,99976,01/03/2023,3752
GF73EHU,101646,01/09/2023,1329
BK23SUV,100105,01/03/2023,7300
MJ21SFX,97503,01/03/2021,6434
PF70FZW,90733,01/01/2021,4339
BJ71VTC,95755,01/09/2021,15155
DL21EPZ,96561,01/03/2021,30845
CN22OLU,81730,01/03/2022,19928
MD23PGZ,99952,01/03/2023,8199
KV23EVG,100105,01/03/2023,9958
MH23WBE,100727,01/03/2023,3386
ET23JNL,100139,01/03/2023,6430
BD73RFL,102083,01/09/2023,4180
DH23ENR,99861,01/03/2023,1015
BW23DSX,103080,01/03/2023,1305
MK71JHE,90332,01/09/2021,29074
FM23OZV,102174,01/03/2023,658
PF71LNN,98514,01/01/2022,9806
EO22NSN,95158,01/03/2022,18918
EK72XFC,93354,01/09/2022,1083
SM22FXE,99784,01/03/2022,12801
YD22GWZ,96744,01/03/2022,28113
DY23MVU,99426,01/03/2023,8242
OY72SSU,98788,01/09/2022,3682
YX22KAE,81730,01/03/2022,18374
GL73HOH,101391,01/09/2023,1099
DE70MEV,84974,01/09/2020,5301
FN70DZV,87984,01/09/2020,23250
GL70FSU,91214,01/01/2021,59435
DA70KMK,88515,01/09/2020,54537
DX70YJP,86519,01/09/2020,24644
KT70HBL,88510,01/01/2021,36820
YY70DXR,92774,01/01/2021,15981
AP70ZPM,89016,01/09/2020,20803
DE70WWK,86689,01/09/2020,24759
CK70DHJ,91214,01/01/2021,23043
SV70JSZ,86048,01/09/2020,8914
NV70OGL,95533,01/01/2021,12623
MT70SLU,91216,01/01/2021,49181
PE70YUR,87984,01/09/2020,30614
SK70ALU,84966,01/09/2020,32627
DP70RGU,88222,01/01/2021,10899
PK70HFL,83772,01/09/2020,58618
BG70XNP,93265,01/09/2020,17710
AF70TEO,94802,01/09/2020,40336
FM19ZLO,87296,01/03/2019,20427
FD70VVH,90761,01/09/2020,6783
AK70MTO,93108,01/01/2021,32495
SM70EWA,93104,01/01/2021,15122
MM70AEL,83773,01/09/2020,32210
GL70CXB,83294,01/09/2020,42150
MD70BKY,94679,01/01/2021,7462
CF70JZJ,91725,01/01/2021,15312
ND70OGB,94007,01/01/2021,55929
YM70YOD,93496,01/01/2021,11122
LN70YXH,87507,01/09/2020,7323
FG70OYF,90775,01/09/2020,19426
SP70VGJ,86518,01/01/2021,12777
BL70NUX,90761,01/01/2021,12631
AO70TYD,92005,01/09/2020,9290
KY70SSU,86519,01/09/2020,13107
KP70VRT,86507,01/09/2020,20021
RF70BBX,95828,01/01/2021,31760
SM20WMP,87862,01/03/2020,37899
CK70VYT,86519,01/09/2020,30230
BF70YSY,81502,01/09/2020,40406
SL70DFY,83772,01/09/2020,28307
WV70VUW,96026,01/01/2021,12552
CV70OVM,93975,01/01/2021,27895
FJ70OPH,91751,01/09/2020,41112
AK18FGU,76222,01/03/2018,53010
MJ20UFM,83727,01/03/2020,44085
MM70PYU,94683,01/01/2021,34750
CV20NUK,81730,01/03/2020,52990
BL70HTV,95535,01/01/2021,18172
YP70ZGW,91806,01/09/2020,34997
LR70XTL,86270,01/09/2020,10529
MM70SOU,93489,01/01/2021,16422
FH70PGK,95117,01/01/2021,27648
SV70VTK,92359,01/09/2020,21989
NU70LHF,81492,01/09/2020,69761
BD70VAM,93105,01/09/2020,11048
EA19EXG,87290,01/03/2019,19045
ND70OGN,90018,01/01/2021,39772
LO70OMR,95535,01/01/2021,54863
LT70LJU,86126,01/09/2020,56927
NU69VRD,81645,01/09/2019,43400
FV70ZHC,93368,01/01/2021,12906
MT70OZP,85342,01/09/2020,57226
EF70EZH,93149,01/01/2021,12272
CA70YMW,93227,01/01/2021,11307
LL70LSF,93105,01/09/2020,18430
MJ70MVF,86518,01/01/2021,11971
EF70DRO,93489,01/09/2020,66143
DE70HGO,93289,01/01/2021,43953
NV70MVR,93105,01/01/2021,49354
MF70EUZ,89358,01/09/2020,31097
MM70LVJ,95706,01/01/2021,15351
CK19XJC,85374,01/03/2019,19915
SB70HLJ,91838,01/01/2021,19161
MJ70URG,86508,01/09/2020,18762
LV70YJG,92907,01/01/2021,19043
VN20OPU,86519,01/03/2020,33316
MT70JGU,77729,01/09/2020,8763
MM70ZTH,94685,01/01/2021,13313
LR70WEK,89921,01/09/2020,18241
NMN983U,87084,#N/A,12757
SJ70ULU,92442,01/09/2020,34770
GV70PPZ,95705,01/01/2021,14279
PJ70KUH,86577,01/01/2021,19462
ST70YYK,93253,01/01/2021,28340
MW16EZS,55262,01/03/2016,3527
CY70GKE,90763,01/01/2021,10459
NV19BLZ,68304,01/03/2019,13877
MM70ZPY,95787,01/01/2021,26482
PY70GNF,91833,01/01/2021,26068
BT70XSE,87930,01/01/2021,13539
KE70UWH,87267,01/09/2020,32899
SH70ZHK,94802,01/01/2021,17754
SB19VHW,79328,01/03/2019,11746
WM70VFB,93105,01/01/2021,20453
KE70UVC,88788,01/09/2020,29014
BP70URU,90765,01/01/2021,11532
SL18ZPM,74453,01/03/2018,18440
YP68HGJ,71037,01/09/2018,11967
CK70UHP,90333,01/09/2020,23517
YS19HDO,76763,01/03/2019,40442
SB70VCG,86518,01/01/2021,7974
DP70RKU,95534,01/01/2021,36565
AK70LZF,93266,01/01/2021,64491
YT70MPZ,85347,01/09/2020,2815
GD70TGZ,94731,01/01/2021,19212
LA70BVZ,95534,01/01/2021,29000
BM19AEC,87920,01/03/2019,21521
ML70PZD,93103,01/09/2020,3738
PE70UOG,94088,01/01/2021,26515
YT69KWK,88557,01/09/2019,4864
PJ70HKW,86518,01/09/2020,27253
WN20UWL,88176,01/03/2020,29024
BC70VGY,91838,01/01/2021,21830
LB18AHX,70992,01/03/2018,47003
WK70VPP,83796,01/09/2020,51904
YC70NNP,92907,01/09/2020,8971
SL70NLR,92771,01/01/2021,54632
EK70NJN,87930,01/01/2021,57077
SY70WZS,77729,01/09/2020,35733
SL70VUF,81491,01/09/2020,20817
SE70EFV,94680,01/01/2021,33955
CV70ZRN,94677,01/01/2021,24408
YR19RDP,87301,01/03/2019,57320
WK70PKN,84363,01/09/2020,34986
DX19NBL,85800,01/03/2019,43074
VK20HLJ,87889,01/03/2020,32881
NG70UEZ,84333,01/09/2020,42133
HW70HWV,92361,01/09/2020,9724
YS20NRF,88184,01/03/2020,55724
BC70UPG,86198,01/09/2020,23789
WD70KYF,91413,01/01/2021,22106
SH70DXV,92813,01/01/2021,30409
BN20TNZ,90392,01/03/2020,50872
SD70NWA,86196,01/09/2020,10357
PJ70EKF,93153,01/09/2020,5559
SW70FCX,78852,01/09/2020,5016
CE70OAS,83271,01/09/2020,22500
EF70WNS,94685,01/01/2021,25448
FP19DYH,86189,01/03/2019,27284
SV69FFA,75460,01/09/2019,10714
OY20GKU,85824,01/03/2020,62014
EA70HRK,91467,01/09/2020,11157
AR70BKA,92402,01/01/2021,3919
CU70YXY,90376,01/09/2020,50351
FP68XZX,72726,01/09/2018,34627
YO68MWP,84865,01/01/2019,23737
FP20HPY,91456,01/03/2020,44147
LX20ZDE,87315,01/03/2020,24661
GJ70EVY,91725,01/09/2020,10877
BW70HZE,90456,01/01/2021,28528
MA70JYH,92777,01/09/2020,12456
ST70GVJ,92771,01/09/2020,44545
LV70WNS,91444,01/09/2020,8958
AK70YNT,91832,01/01/2021,41747
SW68URU,81728,01/09/2018,15427
DP70PPO,91173,01/01/2021,19599
SF69PNN,82530,01/09/2019,6394
FP70VNK,93353,01/09/2020,15605
EK70XDU,81492,01/09/2020,33419
FH70LPK,81796,01/01/2021,33549
WF69XXJ,86706,01/09/2019,9536
WM70VHP,93299,01/01/2021,17636
AY69ZKB,81728,01/09/2019,8400
EU70TWM,86272,01/09/2020,29281
LV70BNB,88930,01/09/2020,15037
VN19HNW,72452,01/03/2019,8563
NXZ3907,87824,#N/A,69558
CV70HSO,86125,01/09/2020,17184
FP70JAO,92002,01/09/2020,56752
HW70MVY,92906,01/09/2020,12075
YH70VJM,87261,01/09/2020,23146
GJ71HKG,87359,01/09/2021,7179
PJ73BEO,101148,01/09/2023,785
FV71UCO,95326,01/09/2021,36106
CE73EGD,103080,01/09/2023,2213
DN73LJF,103201,01/09/2023,1556
CU72TVE,98046,01/09/2022,6105
FG73ORL,101370,01/09/2023,4370
OU23POV,102032,01/03/2023,5416
FP72VLB,98046,01/09/2022,9543
YY22EAA,93353,01/03/2022,1790
CY73DDE,99253,01/09/2023,928
LC73NHF,101417,01/09/2023,1364
YS23UXJ,96031,01/03/2023,13488
DP23KWB,101646,01/03/2023,6364
LL23YZT,100085,01/03/2023,2653
BT72FNR,99773,01/09/2022,17489
SH73XXU,103080,01/09/2023,865
FH68DLE,74852,01/01/2019,40438
RO20POJ,86519,01/03/2020,57025
FD69SLV,83289,01/01/2020,24151
PE19XJB,76774,01/03/2019,18718
ST69TMY,91261,01/09/2019,57984
GU20CZS,87986,01/03/2020,37163
KE19VUL,76765,01/03/2019,17284
PX68VTM,72452,01/09/2018,41573
NG70UEY,90003,01/01/2021,16252
SA20XRC,86451,01/03/2020,45649
YB20TZL,87261,01/03/2020,32449
SY70XYD,79323,01/09/2020,9871
LP19ZHA,83376,01/03/2019,28377
ST70YRK,91731,01/01/2021,30014
OE70PWY,91271,01/01/2021,37554
GL70NVS,93505,01/09/2020,4431
SD69ZSY,88723,01/09/2019,39312
HN70AOL,91216,01/09/2020,38879
BN70WJK,93301,01/09/2020,20096
CN70YWA,92776,01/09/2020,42873
SH70BWW,90332,01/09/2020,15760
FH70JXX,93045,01/01/2021,35457
KR70LYO,89544,01/09/2020,23142
VK70XHJ,89152,01/09/2020,43247
YK19PXJ,80803,01/03/2019,76976
BL70DKD,93158,01/09/2020,7141
YS70OGE,88222,01/01/2021,63726
MX19ZTM,81731,01/03/2019,14470
HJ70UNM,93353,01/09/2020,11319
YC69HVF,87875,01/01/2020,70347
RO20URN,87926,01/03/2020,10627
NY19SBX,85378,01/03/2019,74989
CA70RCV,86508,01/09/2020,24310
VK69FMC,86270,01/01/2020,26598
MV19KAK,84865,01/03/2019,22977
AK20YUV,86003,01/03/2020,26064
KD19OJB,89125,01/03/2019,75620
LK19HGA,86123,01/03/2019,17086
PJ19XBR,70069,01/03/2019,19011
GV19OEP,86704,01/03/2019,75470
YL70DYY,86508,01/01/2021,68029
OE70RLZ,83629,01/09/2020,36512
LJ19JUT,87432,01/03/2019,55159
WM70BUH,92771,01/09/2020,35280
YF20VPZ,83376,01/03/2020,46224
LA70EPL,92360,01/01/2021,10576
FH19HWZ,85800,01/03/2019,45369
LL70LWH,91467,01/01/2021,23385
SV70KUP,89170,01/09/2020,21298
SC70BVZ,93301,01/01/2021,26223
OE70ZMZ,90761,01/01/2021,36514
FA18EAJ,83038,01/03/2018,45048
SB69HBD,87995,01/01/2020,58400
EF70UMR,86518,01/01/2021,35266
RK70MJE,85768,01/09/2020,51084
MM70HRG,94679,01/01/2021,42995
LJ70YRA,87860,01/09/2020,29044
YK20DXA,90378,01/03/2020,35086
SG19RDS,87297,01/03/2019,16331
ND70YLO,92907,01/01/2021,16286
HL19XHU,76774,01/03/2019,43981
VE20KLZ,86127,01/03/2020,22403
CE70FUY,87964,01/01/2021,36138
SO70OHY,91224,01/01/2021,23090
WU69OBC,84743,01/09/2019,58234
VN20PGK,85373,01/03/2020,22926
SA70UUT,93297,01/09/2020,53861
GL70MPO,95533,01/01/2021,36458
EA19WGJ,87299,01/03/2019,52097
YM70UCR,86518,01/01/2021,32696
PF70SLZ,93105,01/01/2021,7483
LY70JCZ,93103,01/01/2021,48571
LC70XOY,93103,01/09/2020,6900
AK70CWR,93441,01/01/2021,40998
AP70OKN,90336,01/09/2020,7643
YA70VHU,94828,01/01/2021,34438
PY70HFW,91838,01/01/2021,9808
DL70VLX,90634,01/09/2020,16803
YM70FCP,86518,01/01/2021,39642
CF70ABZ,94677,01/01/2021,35403
LL19GHA,76763,01/03/2019,29086
FV70FHF,93216,01/09/2020,19187
NXZ7065,76274,#N/A,33763
LL70VRT,86508,01/09/2020,16764
YY70XXC,90634,01/01/2021,20607
PJ65OCA,68690,01/09/2015,74980
MT70UWW,89921,01/09/2020,33283
SB19WJK,80622,01/03/2019,36726
LA69TWF,85693,01/01/2020,13076
AU69HYO,84712,01/09/2019,59496
VN70XVM,93248,01/09/2020,30497
AK70GPE,87944,01/09/2020,16769
SM73CSU,103132,01/09/2023,1397
LL72TYX,100630,01/09/2022,17106
MM72PTZ,99143,01/09/2022,6398
BT72NNY,81730,01/09/2022,10136
HW72LGE,96031,01/01/2023,5289
FH72GYK,91415,01/01/2023,2620
BJ23ANX,100513,01/03/2023,3011
MM71NKZ,95157,01/01/2022,19954
RA72HGL,81730,01/01/2023,5203
HT22YYZ,98538,01/03/2022,4134
LM72EGC,95990,01/09/2022,10271
BC72AKK,98538,01/01/2023,2786
VK23BBO,101393,01/03/2023,4044
PJ23BPV,96456,01/03/2023,8203
DX21VNV,90213,01/03/2021,18336
YH21PFA,95795,01/03/2021,21473
YB23GVV,101646,01/03/2023,4989
DF22HFS,90332,01/03/2022,20295
WJ71DYS,95018,01/09/2021,16514
NL21KOU,95753,01/03/2021,21917
SB71JMX,93297,01/01/2022,27882
YS73UUW,103134,01/09/2023,1160
EA73YLU,102032,01/09/2023,599
MD73YFG,99250,01/09/2023,977
LR23TJO,99421,01/03/2023,9882
YH22TZD,96828,01/03/2022,1289
YT23UWW,101469,01/03/2023,5956
LD22LZO,96769,01/03/2022,6278
DF21KUC,93354,01/03/2021,6296
FJ73LYK,100386,01/09/2023,1265
EG23NUU,100753,01/03/2023,549
YM73WCX,103183,01/01/2024,125
HN23CVZ,94986,01/03/2023,4152
GJ21WDV,95165,01/03/2021,51064
PF70BYP,93452,01/01/2021,15198
MT21NZO,95072,01/03/2021,42435
WF71FSJ,95706,01/09/2021,1441
MJ71FFT,93281,01/01/2022,19475
BT71ATN,96777,01/09/2021,2048
GJ71HRN,96791,01/01/2022,3040
DE73CNA,99861,01/09/2023,2873
BG72MYV,95088,01/09/2022,793
EJ22YEV,98993,01/03/2022,18523
YB73KYE,103100,01/09/2023,1315
GV21UTA,95240,01/03/2021,33850
MJ73HFM,94666,01/09/2023,2254
EA71VTE,95027,01/01/2022,4873
FL73YPP,93930,01/09/2023,832
CJ73DHE,103079,01/09/2023,390
MJ23XBH,100735,01/03/2023,1545
WL21GNP,95714,01/03/2021,18201
FJ73TLU,102114,01/09/2023,409
AO21RYN,92699,01/03/2021,19221
CV73YKA,101400,01/09/2023,3696
YD19JKW,76774,01/03/2019,22109
YE19GNH,81349,01/03/2019,18105
MV70TKY,86477,01/09/2020,11493
WM70EKZ,90018,01/01/2021,32429
RV20YGJ,87920,01/03/2020,34358
YE70BYJ,87263,01/09/2020,56500
SH18URR,74794,01/03/2018,81630
ND70FNF,93378,01/01/2021,25248
WG19ZGH,82532,01/03/2019,117325
GF70BWM,90335,01/09/2020,40696
BP19EFH,87505,01/03/2019,58000
SH70GDK,86003,01/09/2020,61135
PF70RHE,93197,01/01/2021,6900
CY19KGX,76774,01/03/2019,54823
LV68VOB,72726,01/09/2018,64345
SE19OFS,81349,01/03/2019,37206
MD70CYG,94716,01/01/2021,21481
ND70BAO,93356,01/09/2020,9815
CA68YCN,74751,01/09/2018,26747
SH70OPO,89886,01/09/2020,32509
KS70DZH,95533,01/09/2020,48838
MX70RVW,88662,01/09/2020,18051
AF18OPJ,80380,01/03/2018,1987
AK70VRP,85361,01/01/2021,13465
YM70EHU,93376,01/01/2021,62426
CV70YWJ,95416,01/09/2020,52328
BJ68UUZ,65257,01/09/2018,12817
YE70CXL,93240,01/09/2020,10236
MM70XAP,93153,01/01/2021,9106
EY68DKK,84650,01/09/2018,31610
WU19VVD,83855,01/03/2019,28338
RRZ9868,87920,#N/A,13886
YT67MKX,76290,01/09/2017,159294
DE70FYO,85374,01/09/2020,7820
AO68CFP,84676,01/09/2018,39998
FA18UYV,84659,01/03/2018,46073
PY70GWG,93206,01/01/2021,27587
HN70XZY,90657,01/09/2020,13513
KM70WSE,93289,01/09/2020,55094
AP70XRR,92159,01/09/2020,23038
WM23KTK,101646,01/03/2023,176
KN23PYL,101234,01/03/2023,9400
WJ71USE,91413,01/09/2021,16014
MC22HJA,91413,01/03/2022,10259
PK21DYC,81881,01/03/2021,30088
AO23MLE,101646,01/03/2023,8312
SD23TLO,99101,01/03/2023,1419
FD23JXJ,98643,01/03/2023,8467
ND22OTW,98960,01/03/2022,29419
MA71XWK,90018,01/09/2021,19386
DF22UWA,98537,01/03/2022,11264
DS23LNY,91414,01/03/2023,2888
AV22WML,98643,01/03/2022,28723
MM73TFU,99250,01/09/2023,2701
WM23OAZ,101646,01/03/2023,723
LX23WXA,100563,01/03/2023,4055
EJ22HMG,97899,01/03/2022,4463
FV22XYD,91413,01/03/2022,19226
GP23BKY,101276,01/03/2023,774
LV71UTF,95075,01/09/2021,10894
NA22HOJ,96129,01/03/2022,24641
VU22AUX,95708,01/03/2022,15518
GV22DGY,87961,01/03/2022,9001
CV22YFT,92882,01/03/2022,20521
KJ21JZU,95749,01/03/2021,26489
PJ22WVU,95710,01/03/2022,21765
GU21RRX,90656,01/03/2021,11336
MH21NBG,96169,01/03/2021,28315
BP23LNK,97971,01/03/2023,7525
SL23NHZ,99093,01/03/2023,8824
FG23MXD,100085,01/03/2023,10206
NV22OUC,90727,01/03/2022,26937
YB72WFG,91412,01/01/2023,5241
BT73GZZ,93353,01/09/2023,650
FD23AXK,91412,01/03/2023,14482
GV73TZM,99203,01/09/2023,2026
CV72VYS,98538,01/09/2022,675
BT71XDP,95881,01/09/2021,12666
FG73SJY,96486,01/09/2023,841
WD72OLT,91415,01/01/2023,2889
YF73DEU,98315,01/09/2023,4349
FV23HPU,100103,01/03/2023,14135
YA72WYM,94666,01/01/2023,4664
LP73TZK,99721,01/01/2024,51
AVZ6045,91412,#N/A,4637
FV73NTX,102120,01/09/2023,418
LX71OED,90734,01/09/2021,15830
HJ73DKO,99861,01/09/2023,2038
HN73UYO,99861,01/09/2023,2726
ST70JBZ,93153,01/09/2020,2201
FH70HYY,95533,01/01/2021,45908
SH20JDJ,90382,01/03/2020,38257
AV70RWL,91590,01/09/2020,5147
WG70MXL,90635,01/09/2020,40511
MM70FWY,93147,01/01/2021,33249
AP70YKF,93356,01/01/2021,11374
PK69BNY,70069,01/09/2019,14700
CX70XAN,92771,01/09/2020,29780
FP70KNM,93268,01/09/2020,7879
AK70WBT,90634,01/09/2020,4016
MT70UTB,92365,01/09/2020,5823
YS69DNY,86193,01/09/2019,54966
BF70XDT,92359,01/01/2021,53302
KX19KCY,86199,01/03/2019,58084
YX19RXK,76048,01/03/2019,30505
WL19WRF,83955,01/03/2019,31947
SL20JCU,83287,01/03/2020,44014
BK70XGO,94838,01/01/2021,53925
RJ70TGE,91838,01/09/2020,36401
RJ20WVH,90582,01/03/2020,21487
HV69PXW,87270,01/09/2019,27727
MM70XCP,87920,01/01/2021,13899
CA20UFB,90388,01/03/2020,44368
LL68CZG,36123,01/09/2018,21481
ST18MYX,70992,01/03/2018,22295
BL70HFY,91838,01/01/2021,24747
SY18UYO,83794,01/03/2018,101364
NA68ATK,85012,01/09/2018,124909
DS20LCK,88220,01/03/2020,45602
EA18YAJ,70991,01/03/2018,44700
BT70BWD,85964,01/09/2020,5136
EN21VTE,87920,01/03/2021,14141
PY23KAU,101447,01/03/2023,4745
MD23JYB,100727,01/03/2023,2494
EJ22YWH,87961,01/03/2022,4492
CK73WNA,99251,01/09/2023,2588
SM71CBO,95088,01/09/2021,9075
WR23BXU,101074,01/03/2023,6556
ND23BKL,93353,01/03/2023,1694
MH23OWW,100385,01/03/2023,2701
MC21VNH,96561,01/03/2021,41079
VO72RXP,92608,01/09/2022,2305
SA73CFD,101205,01/09/2023,6907
HW21GVU,81803,01/03/2021,46837
FSZ8417,96144,#N/A,17995
FV70CKF,81625,01/09/2020,77226
ST69GYU,87237,01/09/2019,13341
HW68FZS,81228,01/09/2018,6231
YN70TWW,83767,01/01/2021,9311
SL70BFX,87261,01/09/2020,47782
CV70XSL,45951,01/09/2020,28211
WK70UEO,87507,01/09/2020,54834
ND70LXL,91838,01/09/2020,45162
NL68ZYW,85368,01/09/2018,31657
AO20PYA,85126,01/03/2020,6036
SB70BMU,90392,01/09/2020,42600
XUI8922,85723,#N/A,21060
SC23MBU,100138,01/03/2023,7208
WG22YEL,87961,01/03/2022,10884
YR73VGZ,103079,01/09/2023,5060
YF22MXM,98021,01/03/2022,20310
DU21EKR,92458,01/03/2021,17546
CF73LLC,101149,01/09/2023,1185
FY73LLM,99251,01/09/2023,2669
NV72URW,100085,01/01/2023,18488
HN73OJK,97958,01/09/2023,2201
RA73BHL,101150,01/01/2024,641
LA72KDK,99422,01/01/2023,9345
YA22OGC,91412,01/03/2022,1878
FL69OYH,87140,01/09/2019,21834
RJ19ABO,71038,01/03/2019,48281
NA70LRE,87261,01/09/2020,5422
DC68CPK,81636,01/09/2018,46055
LO70JWN,92773,01/01/2021,41063
WV70UBC,86519,01/09/2020,54483
VO19BLN,81636,01/03/2019,25647
YL20AXA,83290,01/03/2020,23801
MJ20SYS,93335,01/03/2020,7404
OV70RWU,86855,01/09/2020,3313
SG20TDV,87140,01/03/2020,17959
NA68ZKX,81212,01/01/2019,109350
ML70FWF,86183,01/09/2020,3756
LX19KZR,87136,01/03/2019,47595
HY73ZKU,103079,01/09/2023,3708
VO73XOT,103081,01/09/2023,1019
PK72WJF,95698,01/09/2022,24000
CE21BFJ,93335,01/03/2021,31887
SD72ZWT,99963,01/01/2023,1476
YNZ7845,87824,#N/A,92739
KR73PFF,101391,01/09/2023,2751
PL73LRO,97511,01/09/2023,401
BK23VOG,100085,01/03/2023,3927
AR70CEO,87360,01/01/2021,63650
OV19WEC,70991,01/03/2019,59809
FN20MKJ,86519,01/03/2020,48988
CF68ADV,83359,01/09/2018,50109
PO19OGP,83358,01/03/2019,41783
NJ69HVZ,81637,01/09/2019,74629
AR70AWM,91838,01/01/2021,48616
WM70GXZ,95815,01/01/2021,18150
FV69NBD,86183,01/01/2020,23235
YJ68XFB,83289,01/09/2018,8805
GD18KBX,70992,01/03/2018,19190
MT68AHP,83359,01/09/2018,17039
GN21WDL,92766,01/03/2021,43542
YY72HJJ,98598,01/09/2022,5045
YD73KPF,102929,01/09/2023,1948
DE23BYL,100580,01/03/2023,2763
DY73YOV,103081,01/09/2023,5614
KV73XAX,103081,01/09/2023,1232
ND73SYV,101148,01/09/2023,2181
BG71GYC,98645,01/01/2022,13084
DE73VBX,101148,01/09/2023,3992
FD22HFM,97943,01/03/2022,23868
FT23EDK,99859,01/03/2023,2598
DG73LOF,97968,01/09/2023,1986
ST70NUV,81498,01/09/2020,72564
BL19LSD,88554,01/03/2019,19095
EY67XAJ,68392,01/09/2017,119369
MW69BXZ,83298,01/09/2019,79280
PE22DHJ,94978,01/03/2022,27933
NL73DZF,103080,01/09/2023,5858
GU73YMM,99309,01/09/2023,388
PL72JVU,100085,01/01/2023,5958
HG72PBF,99423,01/09/2022,5227
NU73JFV,98643,01/09/2023,2619
AMZ8661,98643,#N/A,3255
GL20SVD,91797,01/03/2020,98771
FG70WUC,93489,01/09/2020,59390
DK68NLO,77549,01/09/2018,59346
AF22GUO,91414,01/03/2022,14623
PF73NLA,97236,01/09/2023,1775
LB73RKO,101419,01/09/2023,2066
SG73VXW,102370,01/09/2023,969
HW70PKF,91838,01/01/2021,3085
GK73LHZ,102929,01/09/2023,1426
PF70OYJ,91061,01/01/2021,3991
KU19UFZ,84865,01/03/2019,50000
SB67GLK,80840,01/09/2017,86329
PN70OMY,85475,01/09/2020,96128
WM20HHE,87307,01/03/2020,35955
EA73FGF,100753,01/09/2023,500
LM20UZU,82529,01/03/2020,8647
BX22SMV,94313,01/03/2022,12552
LL72UBJ,99101,01/09/2022,2019
,,,
,,,
,,,
,,,
,,,
,,,
,,,
,,,
,,,
,,,
,,,
,,,
,,,
,,,
,,,
,,,
,,,
,,,
,,,
,,,
,,,
,,,
,,,
,,,
,,,
,,,
,,,
,,,
,,,
,,,
,,,
,,,
,,,
,,,
,,,
,,,
,,,
,,,
,,,
,,,
,,,
,,,
,,,
,,,
,,,
,,,
,,,
,,,
,,,
,,,
,,,
,,,
,,,
,,,
,,,
,,,
,,,
,,,
,,,
,,,
,,,
,,,
,,,
,,,
,,,
,,,
,,,
,,,
,,,
,,,
,,,
,,,
,,,
,,,
,,,
,,,
,,,
,,,
,,,
,,,
,,,
,,,
,,,
,,,
,,,
,,,
,,,
,,,
,,,
,,,
,,,
,,,
,,,
,,,
,,,
,,,
,,,
,,,
,,,
,,,
,,,
,,,
,,,
,,,
,,,
,,,
,,,
,,,
,,,
,,,
,,,
,,,
,,,
,,,
,,,
,,,
,,,
,,,
,,,
,,,
,,,
,,,
,,,
,,,
,,,
,,,
,,,
,,,
,,,
,,,
,,,
,,,
,,,
,,,
,,,
,,,
,,,
,,,
,,,
,,,
,,,
,,,
,,,
,,,
,,,
,,,
,,,
,,,
,,,
,,,
,,,
,,,
,,,
,,,
,,,
,,,
,,,
,,,
,,,
,,,
,,,
,,,
,,,
,,,
,,,
,,,
,,,
,,,
,,,
,,,
,,,
,,,
,,,
,,,
,,,
,,,
,,,
,,,
,,,
,,,
,,,
,,,
,,,
,,,
,,,
,,,
,,,
,,,
,,,
,,,
,,,
,,,
,,,
,,,
,,,
,,,
,,,
,,,
,,,
,,,
,,,
,,,
,,,
,,,
,,,
,,,
,,,
,,,
,,,
,,,
,,,
,,,
,,,
,,,
,,,
,,,
,,,
,,,
,,,
,,,
,,,
,,,
,,,
,,,
,,,
,,,
,,,
,,,
,,,
,,,
,,,
,,,
,,,
,,,
,,,
,,,
,,,
,,,
,,,
,,,
,,,
,,,
,,,
,,,
,,,
,,,
,,,
,,,
,,,
,,,
,,,
,,,
,,,
,,,
,,,
,,,
,,,
,,,
,,,
,,,
,,,
,,,
,,,
,,,
,,,
,,,
,,,
,,,
,,,
,,,
,,,
,,,
,,,
,,,
,,,
,,,
,,,
,,,
,,,
,,,
,,,
,,,
,,,
,,,
,,,
,,,
,,,
,,,
,,,
,,,
,,,
,,,
,,,
,,,
,,,
,,,
,,,
,,,
,,,
,,,
,,,
,,,
,,,
,,,
,,,
,,,
,,,
,,,
,,,
,,,
,,,
,,,
,,,
,,,
,,,
,,,
,,,
,,,
,,,
,,,
,,,
,,,
,,,
,,,
,,,
,,,
,,,
,,,
,,,
,,,
,,,
,,,
,,,
,,,
,,,
,,,
,,,
,,,
,,,
,,,
,,,
,,,
,,,
,,,
,,,
,,,
,,,
,,,
,,,
,,,
,,,
,,,
,,,
,,,
,,,
,,,
,,,
,,,
,,,
,,,
,,,
,,,
,,,
,,,
,,,
,,,
,,,
,,,
,,,
,,,
,,,
,,,
,,,
,,,
,,,
,,,
,,,
,,,
,,,
,,,
,,,
,,,
,,,
,,,
,,,
,,,
,,,
,,,
,,,
,,,
,,,
,,,
,,,
,,,
,,,
,,,
,,,
,,,
,,,
,,,
,,,
,,,
,,,
,,,
,,,
,,,
,,,
,,,
,,,
,,,
,,,
,,,
,,,
,,,
,,,
,,,
,,,
,,,
,,,
,,,
,,,
,,,
,,,
,,,
,,,
,,,
,,,
,,,
,,,
,,,
,,,
,,,
,,,
,,,
,,,
,,,
,,,
,,,
,,,
,,,
,,,
,,,
,,,
,,,
,,,
,,,
,,,
,,,
,,,
,,,
,,,
,,,
,,,
,,,
,,,
,,,
,,,
,,,
,,,
,,,
,,,
,,,
,,,
,,,
,,,
,,,
,,,
,,,
,,,
,,,
,,,
,,,
,,,
,,,
,,,
,,,
,,,
,,,
,,,
,,,
,,,
,,,
,,,
,,,
,,,
,,,
,,,
,,,
,,,
,,,
,,,
,,,
,,,
,,,
,,,
,,,
,,,
,,,
,,,
,,,
,,,
,,,
,,,
,,,
,,,
,,,
,,,
,,,
,,,
,,,
,,,
,,,
,,,
,,,
,,,
,,,
,,,
,,,
,,,
,,,
,,,
,,,
,,,
,,,
,,,
,,,
,,,
,,,
,,,
,,,
,,,
,,,
,,,
,,,
,,,
,,,
,,,
,,,
,,,
,,,
,,,
,,,
,,,
,,,
,,,
,,,
,,,
,,,
,,,
,,,
,,,
,,,
,,,
,,,
,,,
,,,
,,,
,,,
,,,
,,,
,,,
,,,
,,,
,,,
,,,
,,,
,,,
,,,
,,,
,,,
,,,
,,,
,,,
,,,
,,,
,,,
,,,
,,,
,,,
,,,
,,,
,,,
,,,
,,,
,,,
,,,
,,,
,,,
,,,
,,,
,,,
,,,
,,,
,,,
,,,
,,,
,,,
,,,
,,,
,,,
,,,
,,,
,,,
,,,
,,,
,,,
,,,
,,,
,,,
,,,
,,,
,,,
,,,
,,,
,,,
,,,
,,,
,,,
,,,
,,,
,,,
,,,
,,,
,,,
,,,
,,,
,,,
,,,
,,,
,,,
,,,
,,,
,,,
,,,
,,,
,,,
,,,
,,,
,,,
,,,
,,,
,,,
,,,
,,,
,,,
,,,
,,,
,,,
,,,
,,,
,,,
,,,
,,,
,,,
,,,
,,,
,,,
,,,
,,,
,,,
,,,
,,,
,,,
,,,
,,,
,,,
,,,
,,,
,,,
,,,
,,,
,,,
,,,
,,,
,,,
,,,
,,,
,,,
,,,
,,,
,,,
,,,
,,,
,,,
,,,
,,,
,,,
,,,
,,,
,,,
,,,
,,,
,,,
,,,
,,,
,,,
,,,
,,,
,,,
,,,
,,,
,,,
,,,
,,,
,,,
,,,
,,,
,,,
,,,
,,,
,,,
,,,
,,,
,,,
,,,
,,,
,,,
,,,
,,,
,,,
,,,
,,,
,,,
,,,
,,,
,,,
,,,
,,,
,,,
,,,
,,,
,,,
,,,
,,,
,,,
,,,
,,,
,,,
,,,
,,,
,,,
,,,
,,,
,,,
,,,
,,,
,,,
,,,
,,,
,,,
,,,
,,,
,,,
,,,
,,,
,,,
,,,
,,,
,,,
,,,
,,,
,,,
,,,
,,,
,,,
,,,
,,,
,,,
,,,
,,,
,,,
,,,
,,,
,,,
,,,
,,,
,,,
,,,
,,,
,,,
,,,
,,,
,,,
,,,
,,,
,,,
,,,
,,,
,,,
,,,
,,,
,,,
,,,
,,,
,,,
,,,
,,,
,,,
,,,
,,,
,,,
,,,
,,,
,,,
,,,
,,,
,,,
,,,
,,,
,,,
,,,
,,,
,,,
,,,
,,,
,,,
,,,
,,,
,,,
,,,
,,,
,,,
,,,
,,,
,,,
,,,
,,,
,,,
,,,
,,,
,,,
,,,
,,,
,,,
,,,
,,,
,,,
,,,
,,,
,,,
,,,
,,,
,,,
,,,
,,,
,,,
,,,
,,,
,,,
,,,
,,,
,,,
,,,
,,,
,,,
,,,
,,,
,,,
,,,
,,,
,,,
,,,
,,,
,,,
,,,
,,,
,,,
,,,
,,,
,,,
,,,
,,,
,,,
,,,
,,,
,,,
,,,
,,,
,,,
,,,
,,,
,,,
,,,
,,,
,,,
,,,
,,,
,,,
,,,
,,,
,,,
,,,
,,,
,,,
,,,
,,,
,,,
,,,
,,,
,,,
,,,
,,,
,,,
,,,
,,,
,,,
,,,
,,,
,,,
,,,
,,,
,,,
,,,
,,,
,,,
,,,
,,,
,,,
,,,
,,,
,,,
,,,
,,,
,,,
,,,
,,,
,,,
,,,
,,,
,,,
,,,
,,,
,,,
,,,
,,,
,,,
,,,
,,,
,,,
,,,
,,,
,,,
,,,
,,,
,,,
,,,
,,,
,,,
,,,
,,,
,,,
,,,
,,,
,,,
,,,
,,,
,,,
,,,
,,,
,,,
,,,
,,,
,,,
,,,
,,,
,,,
,,,
,,,
,,,
,,,
,,,
,,,
,,,
,,,
,,,
,,,
,,,
,,,
,,,
,,,
,,,
,,,
,,,
,,,
,,,
,,,
,,,
,,,
,,,
,,,
,,,
,,,
,,,
,,,
,,,
,,,
,,,
,,,
,,,
,,,
,,,
,,,
,,,
,,,
,,,
,,,
,,,
,,,
,,,
,,,
,,,
,,,
,,,
,,,
,,,
,,,
,,,
,,,
,,,
,,,
,,,
,,,
,,,
,,,
,,,
,,,
,,,
,,,
,,,
,,,
,,,
,,,
,,,
,,,
,,,
,,,
,,,
,,,
,,,
,,,
,,,
,,,
,,,
,,,
,,,
,,,
,,,
,,,
,,,
,,,
,,,
,,,
,,,
,,,
,,,
,,,
,,,
,,,
,,,
,,,
,,,
,,,
,,,
,,,
,,,
,,,
,,,
,,,
,,,
,,,
,,,
,,,
,,,
,,,
,,,
,,,
,,,
,,,
,,,
,,,
,,,
,,,
,,,
,,,
,,,
,,,
,,,
,,,
,,,
,,,
,,,
,,,
,,,
,,,
,,,
,,,
,,,
,,,
,,,
,,,
,,,
,,,
,,,
,,,
,,,
,,,
,,,
,,,
,,,
,,,
,,,
,,,
,,,
,,,
,,,
,,,
,,,
,,,
,,,
,,,
,,,
,,,
,,,
,,,
,,,
,,,
,,,
,,,
,,,
,,,
,,,
,,,
,,,
,,,
,,,
,,,
,,,
,,,
,,,
,,,
,,,
,,,
,,,
,,,
,,,
,,,
,,,
,,,
,,,
,,,
,,,
,,,
,,,
,,,
,,,
,,,
,,,
,,,
,,,
,,,
,,,
,,,
,,,
,,,
,,,
,,,
,,,
,,,
,,,
,,,
,,,
,,,
,,,
,,,
,,,
,,,
,,,
,,,
,,,
,,,
,,,
,,,
,,,
,,,
,,,
,,,
,,,
,,,
,,,
,,,
,,,
,,,
,,,
,,,
,,,
,,,
,,,
,,,
,,,
,,,
,,,
,,,
,,,
,,,
,,,
,,,
,,,
,,,
,,,
,,,
,,,
,,,
,,,
,,,
,,,
,,,
,,,
,,,
,,,
,,,
,,,
,,,
,,,
,,,
,,,
,,,
,,,
,,,
,,,
,,,
,,,
,,,
,,,
,,,
,,,
,,,
,,,
,,,
,,,
,,,
,,,
,,,
,,,
,,,
,,,
,,,
,,,
,,,
,,,
,,,
,,,
,,,
,,,
,,,
,,,
,,,
,,,
,,,
,,,
,,,
,,,
,,,
,,,
,,,
,,,
,,,
,,,
,,,
,,,
,,,
,,,
,,,
,,,
,,,
,,,
,,,
,,,
,,,
,,,
,,,
,,,
,,,
,,,
,,,
,,,
,,,
,,,
,,,
,,,
,,,
,,,
,,,
,,,
,,,
,,,
,,,
,,,
,,,
,,,
,,,
,,,
,,,
,,,
,,,
,,,
,,,
,,,
,,,
,,,
,,,
,,,
,,,
,,,
,,,
,,,
,,,
,,,
,,,
,,,
,,,
,,,
,,,
,,,
,,,
,,,
,,,
,,,
,,,
,,,
,,,
,,,
,,,
,,,
,,,
,,,
,,,
,,,
,,,
,,,
,,,
,,,
,,,
,,,
,,,
,,,
,,,
,,,
,,,
,,,
,,,
,,,
,,,
,,,
,,,
,,,
,,,
,,,
,,,
,,,
,,,
,,,
,,,
,,,
,,,
,,,
,,,
,,,
,,,
,,,
,,,
,,,
,,,
,,,
,,,
,,,
,,,
,,,
,,,
,,,
,,,
,,,
,,,
,,,
,,,
,,,
,,,
,,,
,,,
,,,
,,,
,,,
,,,
,,,
,,,
,,,
,,,
,,,
,,,
,,,
,,,
,,,
,,,
,,,
,,,
,,,
,,,
,,,
,,,
,,,
,,,
,,,
,,,
,,,
,,,
,,,
,,,
,,,
,,,
,,,
,,,
,,,
,,,
,,,
,,,
,,,
,,,
,,,
,,,
,,,
,,,
,,,
,,,
,,,
,,,
,,,
,,,
,,,
,,,
,,,
,,,
,,,
,,,
,,,
,,,
,,,
,,,
,,,
,,,
,,,
,,,
,,,
,,,
,,,
,,,
,,,
,,,
,,,
,,,
,,,
,,,
,,,
,,,
,,,
,,,
,,,
,,,
,,,
,,,
,,,
,,,
,,,
,,,
,,,
,,,
,,,
,,,
,,,
,,,
,,,
,,,
,,,
,,,
,,,
,,,
,,,
,,,
,,,
,,,
,,,
,,,
,,,
,,,
,,,
,,,
,,,
,,,
,,,
,,,
,,,
,,,
,,,
,,,
,,,
,,,
,,,
,,,
,,,
,,,
,,,
,,,
,,,
,,,
,,,
,,,
,,,
,,,
,,,
,,,
,,,
,,,
,,,
,,,
,,,
,,,
,,,
,,,
,,,
,,,
,,,
,,,
,,,
,,,
,,,
,,,
,,,
,,,
,,,
,,,
,,,
,,,
,,,
,,,
,,,
,,,
,,,
,,,
,,,
,,,
,,,
,,,
,,,
,,,
,,,
,,,
,,,
,,,
,,,
,,,
,,,
,,,
,,,
,,,
,,,
,,,
,,,
,,,
,,,
,,,
,,,
,,,
,,,
,,,
,,,
,,,
,,,
,,,
,,,
,,,
,,,
,,,
,,,
,,,
,,,
,,,
,,,
,,,
,,,
,,,
,,,
,,,
,,,
,,,
,,,
,,,
,,,
,,,
,,,
,,,
,,,
,,,
,,,
,,,
,,,
,,,
,,,
,,,
,,,
,,,
,,,
,,,
,,,
,,,
,,,
,,,
,,,
,,,
,,,
,,,
,,,
,,,
,,,
,,,
,,,
,,,
,,,
,,,
,,,
,,,
,,,
,,,
,,,
,,,
,,,
,,,
,,,
,,,
,,,
,,,
,,,
,,,
,,,
,,,
,,,
,,,
,,,
,,,
,,,
,,,
,,,
,,,
,,,
,,,
,,,
,,,
,,,
,,,
,,,
,,,
,,,
,,,
,,,
,,,
,,,
,,,
,,,
,,,
,,,
,,,
,,,
,,,
,,,
,,,
,,,
,,,
,,,
,,,
,,,
,,,
,,,
,,,
,,,
,,,
,,,
,,,
,,,
,,,
,,,
,,,
,,,
,,,
,,,
,,,
,,,
,,,
,,,
,,,
,,,
,,,
,,,
,,,
,,,
,,,
,,,
,,,
,,,
,,,
,,,
,,,
,,,
,,,
,,,
,,,
,,,
,,,
,,,
,,,
,,,
,,,
,,,
,,,
,,,
,,,
,,,
,,,
,,,
,,,
,,,
,,,
,,,
,,,
,,,
,,,
,,,
,,,
,,,
,,,
,,,
,,,
,,,
,,,
,,,
,,,
,,,
,,,
,,,
,,,
,,,
,,,
,,,
,,,
,,,
,,,
,,,
,,,
,,,
,,,
,,,
,,,
,,,
,,,
,,,
,,,
,,,
,,,
,,,
,,,
,,,
,,,
,,,
,,,
,,,
,,,
,,,
,,,
,,,
,,,
,,,
,,,
,,,
,,,
,,,
,,,
,,,
,,,
,,,
,,,
,,,
,,,
,,,
,,,
,,,
,,,
,,,
,,,
,,,
,,,
,,,
,,,
,,,
,,,
,,,
,,,
,,,
,,,
,,,
,,,
,,,
,,,
,,,
,,,
,,,
,,,
,,,
,,,
,,,
,,,
,,,
,,,
,,,
,,,
,,,
,,,
,,,
,,,
,,,
,,,
,,,
,,,
,,,
,,,
,,,
,,,
,,,
,,,
,,,
,,,
,,,
,,,
,,,
,,,
,,,
,,,
,,,
,,,
,,,
,,,
,,,
,,,
,,,
,,,
,,,
,,,
,,,
,,,
,,,
,,,
,,,
,,,
,,,
,,,
,,,
,,,
,,,
,,,
,,,
,,,
,,,
,,,
,,,
,,,
,,,
,,,
,,,
,,,
,,,
,,,
,,,
,,,
,,,
,,,
,,,
,,,
,,,
,,,
,,,
,,,
,,,
,,,
,,,
,,,
,,,
,,,
,,,
,,,
,,,
,,,
,,,
,,,
,,,
,,,
,,,
,,,
,,,
,,,
,,,
,,,
,,,
,,,
,,,
,,,
,,,
,,,
,,,
,,,
,,,
,,,
,,,
,,,
,,,
,,,
,,,
,,,
,,,
,,,
,,,
,,,
,,,
,,,
,,,
,,,
,,,
,,,
,,,
,,,
,,,
,,,
,,,
,,,
,,,
,,,
,,,
,,,
,,,
,,,
,,,
,,,
,,,
,,,
,,,
,,,
,,,
,,,
,,,
,,,
,,,
,,,
,,,
,,,
,,,
,,,
,,,
,,,
,,,
,,,
,,,
,,,
,,,
,,,
,,,
,,,
,,,
,,,
,,,
,,,
,,,
,,,
,,,
,,,
,,,
,,,
,,,
,,,
,,,
,,,
,,,
,,,
,,,
,,,
,,,
,,,
,,,
,,,
,,,
,,,
,,,
,,,
,,,
,,,
,,,
,,,
,,,
,,,
,,,
,,,
,,,
,,,
,,,
,,,
,,,
,,,
,,,
,,,
,,,
,,,
,,,
,,,
,,,
,,,
,,,
,,,
,,,
,,,
,,,
,,,
,,,
,,,
,,,
,,,
,,,
,,,
,,,
,,,
,,,
,,,
,,,
,,,
,,,
,,,
,,,
,,,
,,,
,,,
,,,
,,,
,,,
,,,
,,,
,,,
,,,
,,,
,,,
,,,
,,,
,,,
,,,
,,,
,,,
,,,
,,,
,,,
,,,
,,,
,,,
,,,
,,,
,,,
,,,
,,,
,,,
,,,
,,,
,,,
,,,
,,,
,,,
,,,
,,,
,,,
,,,
,,,
,,,
,,,
,,,
,,,
,,,
,,,
,,,
,,,
,,,
,,,
,,,
,,,
,,,
,,,
,,,
,,,
,,,
,,,
,,,
,,,
,,,
,,,
,,,
,,,
,,,
,,,
,,,
,,,
,,,
,,,
,,,
,,,
,,,
,,,
,,,
,,,
,,,
,,,
,,,
,,,
,,,
,,,
,,,
,,,
,,,
,,,
,,,
,,,
,,,
,,,
,,,
,,,
,,,
,,,
,,,
,,,
,,,
,,,
,,,
,,,
,,,
,,,
,,,
,,,
,,,
,,,
,,,
,,,
,,,
,,,
,,,
,,,
,,,
,,,
,,,
,,,
,,,
,,,
,,,
,,,
,,,
,,,
,,,
,,,
,,,
,,,
,,,
,,,
,,,
,,,
,,,
,,,
,,,
,,,
,,,
,,,
,,,
,,,
,,,
,,,
,,,
,,,
,,,
,,,
,,,
,,,
,,,
,,,
,,,
,,,
,,,
,,,
,,,
,,,
,,,
,,,
,,,
,,,
,,,
,,,
,,,
,,,
,,,
,,,
,,,
,,,
,,,
,,,
,,,
,,,
,,,
,,,
,,,
,,,
,,,
,,,
,,,
,,,
,,,
,,,
,,,
,,,
,,,
,,,
,,,
,,,
,,,
,,,
,,,
,,,
,,,
,,,
,,,
,,,
,,,
,,,
,,,
,,,
,,,
,,,
,,,
,,,
,,,
,,,
,,,
,,,
,,,
,,,
,,,
,,,
,,,
,,,
,,,
,,,
,,,
,,,
,,,
,,,
,,,
,,,
,,,
,,,
,,,
,,,
,,,
,,,
,,,
,,,
,,,
,,,
,,,
,,,
,,,
,,,
,,,
,,,
,,,
,,,
,,,
,,,
,,,
,,,
,,,
,,,
,,,
,,,
,,,
,,,
,,,
,,,
,,,
,,,
,,,
,,,
,,,
,,,
,,,
,,,
,,,
,,,
,,,
,,,
,,,
,,,
,,,
,,,
,,,
,,,
,,,
,,,
,,,
,,,
,,,
,,,
,,,
,,,
,,,
,,,
,,,
,,,
,,,
,,,
,,,
,,,
,,,
,,,
,,,
,,,
,,,
,,,
,,,
,,,
,,,
,,,
,,,
,,,
,,,
,,,
,,,
,,,
,,,
,,,
,,,
,,,
,,,
,,,
,,,
,,,
,,,
,,,
,,,
,,,
,,,
,,,
,,,
,,,
,,,
,,,
,,,
,,,
,,,
,,,
,,,
,,,
,,,
,,,
,,,
,,,
,,,
,,,
,,,
,,,
,,,
,,,
,,,
,,,
,,,
,,,
,,,
,,,
,,,
,,,
,,,
,,,
,,,
,,,
,,,
,,,
,,,
,,,
,,,
,,,
,,,
,,,
,,,
,,,
,,,
,,,
,,,
,,,
,,,
,,,
,,,
,,,
,,,
,,,
,,,
,,,
,,,
,,,
,,,
,,,
,,,
,,,
,,,
,,,
,,,
,,,
,,,
,,,
,,,
,,,
,,,
,,,
,,,
,,,
,,,
,,,
,,,
,,,
,,,
,,,
,,,
,,,
,,,
,,,
,,,
,,,
,,,
,,,
,,,
,,,
,,,
,,,
,,,
,,,
,,,
,,,
,,,
,,,
,,,
,,,
,,,
,,,
,,,
,,,
,,,
,,,
,,,
,,,
,,,
,,,
,,,
,,,
,,,
,,,
,,,
,,,
,,,
,,,
,,,
,,,
,,,
,,,
,,,
,,,
,,,
,,,
,,,
,,,
,,,
,,,
,,,
,,,
,,,
,,,
,,,
,,,
,,,
,,,
,,,
,,,
,,,
,,,
,,,
,,,
,,,
,,,
,,,
,,,
,,,
,,,
,,,
,,,
,,,
,,,
,,,
,,,
,,,
,,,
,,,
,,,
,,,
,,,
,,,
,,,
,,,
,,,
,,,
,,,
,,,
,,,
,,,
,,,
,,,
,,,
,,,
,,,
,,,
,,,
,,,
,,,
,,,
,,,
,,,
,,,
,,,
,,,
,,,
,,,
,,,
,,,
,,,
,,,
,,,
,,,
,,,
,,,
,,,
,,,
,,,
,,,
,,,
,,,
,,,
,,,
,,,
,,,
,,,
,,,
,,,
,,,
,,,
,,,
,,,
,,,
,,,
,,,
,,,
,,,
,,,
,,,
,,,
,,,
,,,
,,,
,,,
,,,
,,,
,,,
,,,
,,,
,,,
,,,
,,,
,,,
,,,
,,,
,,,
,,,
,,,
,,,
,,,
,,,
,,,
,,,
,,,
,,,
,,,
,,,
,,,
,,,
,,,
,,,
,,,
,,,
,,,
,,,
,,,
,,,
,,,
,,,
,,,
,,,
,,,
,,,
,,,
,,,
,,,
,,,
,,,
,,,
,,,
,,,
,,,
,,,
,,,
,,,
,,,
,,,
,,,
,,,
,,,
,,,
,,,
,,,
,,,
,,,
,,,
,,,
,,,
,,,
,,,
,,,
,,,
,,,
,,,
,,,
,,,
,,,
,,,
,,,
,,,
,,,
,,,
,,,
,,,
,,,
,,,
,,,
,,,
,,,
,,,
,,,
,,,
,,,
,,,
,,,
,,,
,,,
,,,
,,,
,,,
,,,
,,,
,,,
,,,
,,,
,,,
,,,
,,,
,,,
,,,
,,,
,,,
,,,
,,,
,,,
,,,
,,,
,,,
,,,
,,,
,,,
,,,
,,,
,,,
,,,
,,,
,,,
,,,
,,,
,,,
,,,
,,,
,,,
,,,
,,,
,,,
,,,
,,,
,,,
,,,
,,,
,,,
,,,
,,,
,,,
,,,
,,,
,,,
,,,
,,,
,,,
,,,
,,,
,,,
,,,
,,,
,,,
,,,
,,,
,,,
,,,
,,,
,,,
,,,
,,,
,,,
,,,
,,,
,,,
,,,
,,,
,,,
,,,
,,,
,,,
,,,
,,,
,,,
,,,
,,,
,,,
,,,
,,,
,,,
,,,
,,,
,,,
,,,
,,,
,,,
,,,
,,,
,,,
,,,
,,,
,,,
,,,
,,,
,,,
,,,
,,,
,,,
,,,
,,,
,,,
,,,
,,,
,,,
,,,
,,,
,,,
,,,
,,,
,,,
,,,
,,,
,,,
,,,
,,,
,,,
,,,
,,,
,,,
,,,
,,,
,,,
,,,
,,,
,,,
,,,
,,,
,,,
,,,
,,,
,,,
,,,
,,,
,,,
,,,
,,,
,,,
,,,
,,,
,,,
,,,
,,,
,,,
,,,
,,,
,,,
,,,
,,,
,,,
,,,
,,,
,,,
,,,
,,,
,,,
,,,
,,,
,,,
,,,
,,,
,,,
,,,
,,,
,,,
,,,
,,,
,,,
,,,
,,,
,,,
,,,
,,,
,,,
,,,
,,,
,,,
,,,
,,,
,,,
,,,
,,,
,,,
,,,
,,,
,,,
,,,
,,,
,,,
,,,
,,,
,,,
,,,
,,,
,,,
,,,
,,,
,,,
,,,
,,,
,,,
,,,
,,,
,,,
,,,
,,,
,,,
,,,
,,,
,,,
,,,
,,,
,,,
,,,
,,,
,,,
,,,
,,,
,,,
,,,
,,,
,,,
,,,
,,,
,,,
,,,
,,,
,,,
,,,
,,,
,,,
,,,
,,,
,,,
,,,
,,,
,,,
,,,
,,,
,,,
,,,
,,,
,,,
,,,
,,,
,,,
,,,
,,,
,,,
,,,
,,,
,,,
,,,
,,,
,,,
,,,
,,,
,,,
